﻿<?xml version="1.0" encoding="utf-8"?>
<CsMgmtLog Name="Install-CSAdServerSchema">
  <Action Name="Prepare Server Schema Active Directory extensions" Time="2018-10-31 17:22:30Z">
    <Info Time="2018-10-31 17:22:31Z">Root domain: skypefb.com.</Info>
    <Info Time="2018-10-31 17:22:31Z">Filter: (&amp;((ObjectCategory Equal person)(ObjectClass Equal user)(Sid Equal S-1-5-21-1510050983-1476603476-4294013363-500)))</Info>
    <Info Time="2018-10-31 17:22:31Z">Found</Info>
    <Info Time="2018-10-31 17:22:31Z">User: CN=azuser,CN=Users,DC=skypefb,DC=com</Info>
    <Info Time="2018-10-31 17:22:31Z">Group security identifier (SID): S-1-5-21-1510050983-1476603476-4294013363-518</Info>
    <Info Time="2018-10-31 17:22:31Z">HasToken: True</Info>
    <Info Time="2018-10-31 17:22:32Z">Schema version: Object "ms-RTC-SIP-SchemaVersion" does not exist.</Info>
    <Info Time="2018-10-31 17:22:32Z">Server schema version: SCHEMA_VERSION_STATE_MISSING</Info>
    <Info Time="2018-10-31 17:22:32Z">Schema version: SCHEMA_VERSION_STATE_MISSING</Info>
    <Info Time="2018-10-31 17:22:32Z">Command: ldifde.exe  -i -v -k -j "C:\Users\azuser\AppData\Local\Temp" -f "C:\Program Files\Skype for Business Server 2015\Deployment\Setup\ExternalSchema.ldf" -c DC=X "DC=skypefb,DC=com" -s VM-SFB-AD01.skypefb.com</Info>
    <Info Time="2018-10-31 17:22:34Z">Command: ldifde.exe  -i -v -k -j "C:\Users\azuser\AppData\Local\Temp" -f "C:\Program Files\Skype for Business Server 2015\Deployment\Setup\ServerSchema.ldf" -c DC=X "DC=skypefb,DC=com" -s VM-SFB-AD01.skypefb.com</Info>
    <Info Time="2018-10-31 17:22:45Z">Command: ldifde.exe  -i -v -k -j "C:\Users\azuser\AppData\Local\Temp" -f "C:\Program Files\Skype for Business Server 2015\Deployment\Setup\BackCompatSchema.ldf" -c DC=X "DC=skypefb,DC=com" -s VM-SFB-AD01.skypefb.com</Info>
    <Info Time="2018-10-31 17:23:04Z">Command: ldifde.exe  -i -v -k -j "C:\Users\azuser\AppData\Local\Temp" -f "C:\Program Files\Skype for Business Server 2015\Deployment\Setup\VersionSchema.ldf" -c DC=X "DC=skypefb,DC=com" -s VM-SFB-AD01.skypefb.com</Info>
    <Complete Time="2018-10-31 17:23:05Z" />
  </Action>
  <Info Title="Command Status" Time="2018-10-31 17:23:05Z">Command processing is complete.</Info>
  <Info Title="Command Status" Time="2018-10-31 17:23:05Z">Command run is complete.</Info>
</CsMgmtLog>