﻿<?xml version="1.0" encoding="utf-8"?>
<CsMgmtLog Name="Enable-CSAdForest">
  <Action Name="Get Schema State" Time="2018-10-31 17:23:06Z">
    <Info Time="2018-10-31 17:23:07Z">Major version: 1150</Info>
    <Info Time="2018-10-31 17:23:07Z">Minor version: 3</Info>
    <Info Time="2018-10-31 17:23:07Z">Server schema version: SCHEMA_VERSION_STATE_CURRENT</Info>
    <Info Title="Mode" Time="2018-10-31 17:23:07Z">SCHEMA_VERSION_STATE_CURRENT</Info>
    <Complete Time="2018-10-31 17:23:07Z" />
  </Action>
  <Action Name="Prepare Forest Active Directory settings" Time="2018-10-31 17:23:07Z">
    <Info Time="2018-10-31 17:23:08Z">Root domain: skypefb.com.</Info>
    <Info Time="2018-10-31 17:23:09Z">Root domain: skypefb.com.</Info>
    <Info Time="2018-10-31 17:23:09Z">Filter: (&amp;((ObjectCategory Equal person)(ObjectClass Equal user)(Sid Equal S-1-5-21-1510050983-1476603476-4294013363-500)))</Info>
    <Info Time="2018-10-31 17:23:10Z">Found</Info>
    <Info Time="2018-10-31 17:23:10Z">User: CN=azuser,CN=Users,DC=skypefb,DC=com</Info>
    <Info Time="2018-10-31 17:23:10Z">Group security identifier (SID): S-1-5-21-1510050983-1476603476-4294013363-519</Info>
    <Info Time="2018-10-31 17:23:10Z">HasToken: True</Info>
    <Info Time="2018-10-31 17:23:11Z">Create Active Directory object "Services".</Info>
    <Info Time="2018-10-31 17:23:11Z">Create Active Directory object "RTC Service".</Info>
    <Info Time="2018-10-31 17:23:12Z">Create Active Directory object "Application Contacts".</Info>
    <Info Time="2018-10-31 17:23:12Z">Create Active Directory object "Global Settings".</Info>
    <Info Time="2018-10-31 17:23:13Z">Create Active Directory object "Topology Settings".</Info>
    <Info Time="2018-10-31 17:23:13Z">Schema type: server</Info>
    <Info Time="2018-10-31 17:23:13Z">Create Active Directory object "Pools".</Info>
    <Info Time="2018-10-31 17:23:13Z">Create Active Directory object "Trusted Services".</Info>
    <Info Time="2018-10-31 17:23:13Z">Create Active Directory object "Trusted MCUs".</Info>
    <Info Time="2018-10-31 17:23:13Z">Create Active Directory object "Trusted WebComponentsServers".</Info>
    <Info Time="2018-10-31 17:23:13Z">Create Active Directory object "Conference Directories".</Info>
    <Info Time="2018-10-31 17:23:13Z">Create Active Directory object "RTCPropertySet".</Info>
    <Info Time="2018-10-31 17:23:13Z">Create Active Directory object "RTCUserSearchPropertySet".</Info>
    <Info Time="2018-10-31 17:23:13Z">Create Active Directory object "RTCUserProvisioningPropertySet".</Info>
    <Info Time="2018-10-31 17:23:13Z">Create Groups</Info>
    <Info Time="2018-10-31 17:23:13Z">Create universal group "RTCUniversalGlobalReadOnlyGroup".</Info>
    <Info Time="2018-10-31 17:23:13Z">Create universal group "RTCUniversalGlobalWriteGroup".</Info>
    <Info Time="2018-10-31 17:23:13Z">Create universal group "RTCUniversalServerReadOnlyGroup".</Info>
    <Info Time="2018-10-31 17:23:13Z">Create universal group "RTCUniversalUserReadOnlyGroup".</Info>
    <Info Time="2018-10-31 17:23:13Z">Create universal group "RTCHSUniversalServices".</Info>
    <Info Time="2018-10-31 17:23:13Z">Create universal group "RTCComponentUniversalServices".</Info>
    <Info Time="2018-10-31 17:23:13Z">Create universal group "RTCProxyUniversalServices".</Info>
    <Info Time="2018-10-31 17:23:13Z">Create universal group "RTCUniversalServerAdmins".</Info>
    <Info Time="2018-10-31 17:23:13Z">Create universal group "RTCUniversalUserAdmins".</Info>
    <Info Time="2018-10-31 17:23:13Z">Create universal group "RTCUniversalReadOnlyAdmins".</Info>
    <Info Time="2018-10-31 17:23:13Z">Create universal group "RTCUniversalConfigReplicator".</Info>
    <Info Time="2018-10-31 17:23:13Z">Create universal group "RTCUniversalSBATechnicians".</Info>
    <Info Time="2018-10-31 17:23:13Z">Create universal group "RTCSBAUniversalServices".</Info>
    <Info Time="2018-10-31 17:23:13Z">Create universal group "CSAdministrator".</Info>
    <Info Time="2018-10-31 17:23:13Z">Create universal group "CSVoiceAdministrator".</Info>
    <Info Time="2018-10-31 17:23:13Z">Create universal group "CSUserAdministrator".</Info>
    <Info Time="2018-10-31 17:23:13Z">Create universal group "CSResponseGroupAdministrator".</Info>
    <Info Time="2018-10-31 17:23:13Z">Create universal group "CSResponseGroupManager".</Info>
    <Info Time="2018-10-31 17:23:13Z">Create universal group "CSLocationAdministrator".</Info>
    <Info Time="2018-10-31 17:23:13Z">Create universal group "CSArchivingAdministrator".</Info>
    <Info Time="2018-10-31 17:23:13Z">Create universal group "CSServerAdministrator".</Info>
    <Info Time="2018-10-31 17:23:13Z">Create universal group "CSViewOnlyAdministrator".</Info>
    <Info Time="2018-10-31 17:23:13Z">Create universal group "CSHelpDesk".</Info>
    <Info Time="2018-10-31 17:23:13Z">Create universal group "CSPersistentChatAdministrator".</Info>
    <Info Time="2018-10-31 17:23:13Z">"RTCHSUniversalServices" added to "RTCUniversalGlobalReadOnlyGroup".</Info>
    <Info Time="2018-10-31 17:23:13Z">"RTCHSUniversalServices" added to "RTCUniversalServerReadOnlyGroup".</Info>
    <Info Time="2018-10-31 17:23:13Z">"RTCHSUniversalServices" added to "RTCUniversalUserReadOnlyGroup".</Info>
    <Info Time="2018-10-31 17:23:13Z">"RTCComponentUniversalServices" added to "RTCUniversalGlobalReadOnlyGroup".</Info>
    <Info Time="2018-10-31 17:23:13Z">"RTCComponentUniversalServices" added to "RTCUniversalServerReadOnlyGroup".</Info>
    <Info Time="2018-10-31 17:23:13Z">"RTCComponentUniversalServices" added to "RTCUniversalUserReadOnlyGroup".</Info>
    <Info Time="2018-10-31 17:23:13Z">"RTCUniversalServerAdmins" added to "RTCUniversalGlobalReadOnlyGroup".</Info>
    <Info Time="2018-10-31 17:23:13Z">"RTCUniversalServerAdmins" added to "RTCUniversalGlobalWriteGroup".</Info>
    <Info Time="2018-10-31 17:23:13Z">"RTCUniversalServerAdmins" added to "RTCUniversalServerReadOnlyGroup".</Info>
    <Info Time="2018-10-31 17:23:13Z">"RTCUniversalServerAdmins" added to "RTCUniversalUserReadOnlyGroup".</Info>
    <Info Time="2018-10-31 17:23:13Z">"RTCUniversalServerAdmins" added to "CSServerAdministrator".</Info>
    <Info Time="2018-10-31 17:23:13Z">"RTCUniversalUserAdmins" added to "RTCUniversalReadOnlyAdmins".</Info>
    <Info Time="2018-10-31 17:23:13Z">"RTCUniversalUserAdmins" added to "CSUserAdministrator".</Info>
    <Info Time="2018-10-31 17:23:13Z">"RTCUniversalReadOnlyAdmins" added to "RTCUniversalGlobalReadOnlyGroup".</Info>
    <Info Time="2018-10-31 17:23:13Z">"RTCUniversalReadOnlyAdmins" added to "RTCUniversalServerReadOnlyGroup".</Info>
    <Info Time="2018-10-31 17:23:13Z">"RTCUniversalReadOnlyAdmins" added to "RTCUniversalUserReadOnlyGroup".</Info>
    <Info Time="2018-10-31 17:23:13Z">"RTCUniversalSBATechnicians" added to "RTCUniversalReadOnlyAdmins".</Info>
    <Info Time="2018-10-31 17:23:13Z">"RTCSBAUniversalServices" added to "RTCUniversalReadOnlyAdmins".</Info>
    <Info Time="2018-10-31 17:23:14Z">Create Group permissions</Info>
    <Info Time="2018-10-31 17:23:14Z">Process permissions on "CN=RTCUniversalGlobalReadOnlyGroup,CN=Users,DC=skypefb,DC=com".</Info>
    <Info Time="2018-10-31 17:23:14Z">Process permissions on "CN=RTCUniversalGlobalWriteGroup,CN=Users,DC=skypefb,DC=com".</Info>
    <Info Time="2018-10-31 17:23:14Z">Process permissions on "CN=RTCUniversalServerReadOnlyGroup,CN=Users,DC=skypefb,DC=com".</Info>
    <Info Time="2018-10-31 17:23:14Z">Process permissions on "CN=RTCUniversalUserReadOnlyGroup,CN=Users,DC=skypefb,DC=com".</Info>
    <Info Time="2018-10-31 17:23:14Z">Process permissions on "CN=RTCHSUniversalServices,CN=Users,DC=skypefb,DC=com".</Info>
    <Info Time="2018-10-31 17:23:14Z">Process permissions on "CN=RTCComponentUniversalServices,CN=Users,DC=skypefb,DC=com".</Info>
    <Info Time="2018-10-31 17:23:14Z">Process permissions on "CN=RTCProxyUniversalServices,CN=Users,DC=skypefb,DC=com".</Info>
    <Info Time="2018-10-31 17:23:14Z">Process permissions on "CN=RTCUniversalServerAdmins,CN=Users,DC=skypefb,DC=com".</Info>
    <Info Time="2018-10-31 17:23:14Z">Process permissions on "CN=RTCUniversalUserAdmins,CN=Users,DC=skypefb,DC=com".</Info>
    <Info Time="2018-10-31 17:23:14Z">Process permissions on "CN=RTCUniversalReadOnlyAdmins,CN=Users,DC=skypefb,DC=com".</Info>
    <Info Time="2018-10-31 17:23:14Z">Process permissions on "CN=RTCUniversalConfigReplicator,CN=Users,DC=skypefb,DC=com".</Info>
    <Info Time="2018-10-31 17:23:14Z">Process permissions on "CN=RTCUniversalSBATechnicians,CN=Users,DC=skypefb,DC=com".</Info>
    <Info Time="2018-10-31 17:23:14Z">Process permissions on "CN=RTCSBAUniversalServices,CN=Users,DC=skypefb,DC=com".</Info>
    <Info Time="2018-10-31 17:23:14Z">Process permissions on "CN=CSAdministrator,CN=Users,DC=skypefb,DC=com".</Info>
    <Info Time="2018-10-31 17:23:14Z">Process permissions on "CN=CSVoiceAdministrator,CN=Users,DC=skypefb,DC=com".</Info>
    <Info Time="2018-10-31 17:23:14Z">Process permissions on "CN=CSUserAdministrator,CN=Users,DC=skypefb,DC=com".</Info>
    <Info Time="2018-10-31 17:23:14Z">Process permissions on "CN=CSResponseGroupAdministrator,CN=Users,DC=skypefb,DC=com".</Info>
    <Info Time="2018-10-31 17:23:14Z">Process permissions on "CN=CSResponseGroupManager,CN=Users,DC=skypefb,DC=com".</Info>
    <Info Time="2018-10-31 17:23:14Z">Process permissions on "CN=CSLocationAdministrator,CN=Users,DC=skypefb,DC=com".</Info>
    <Info Time="2018-10-31 17:23:14Z">Process permissions on "CN=CSArchivingAdministrator,CN=Users,DC=skypefb,DC=com".</Info>
    <Info Time="2018-10-31 17:23:14Z">Process permissions on "CN=CSServerAdministrator,CN=Users,DC=skypefb,DC=com".</Info>
    <Info Time="2018-10-31 17:23:14Z">Process permissions on "CN=CSViewOnlyAdministrator,CN=Users,DC=skypefb,DC=com".</Info>
    <Info Time="2018-10-31 17:23:14Z">Process permissions on "CN=CSHelpDesk,CN=Users,DC=skypefb,DC=com".</Info>
    <Info Time="2018-10-31 17:23:14Z">Process permissions on "CN=CSPersistentChatAdministrator,CN=Users,DC=skypefb,DC=com".</Info>
    <Info Time="2018-10-31 17:23:15Z">Create permissions for CN=RTC Service,CN=Services,CN=Configuration,DC=skypefb,DC=com</Info>
    <Info Time="2018-10-31 17:23:15Z">Create permissions for ConfigurationContainer</Info>
    <Info Time="2018-10-31 17:23:15Z">Create permissions for RootDomainSystemContainer</Info>
    <Info Title="Result" Time="2018-10-31 17:23:15Z">Create permissions for Configuration deleted objects container</Info>
    <Complete Time="2018-10-31 17:23:15Z" />
  </Action>
  <Info Title="Command Status" Time="2018-10-31 17:23:15Z">Command processing is complete.</Info>
  <Info Title="Command Status" Time="2018-10-31 17:23:15Z">Command run is complete.</Info>
</CsMgmtLog>