﻿<?xml version="1.0" encoding="utf-8"?>
<CsMgmtLog Name="Enable-CSAdDomain">
  <Action Name="Get Forest State" Time="2018-10-31 17:23:16Z">
    <Info Time="2018-10-31 17:23:16Z">Root domain: skypefb.com.</Info>
    <Info Time="2018-10-31 17:23:16Z">Root domain: skypefb.com.</Info>
    <Info Time="2018-10-31 17:23:16Z">Filter: (&amp;((ObjectCategory Equal person)(ObjectClass Equal user)(Sid Equal S-1-5-21-1510050983-1476603476-4294013363-500)))</Info>
    <Info Time="2018-10-31 17:23:16Z">Found</Info>
    <Info Time="2018-10-31 17:23:16Z">User: CN=azuser,CN=Users,DC=skypefb,DC=com</Info>
    <Info Time="2018-10-31 17:23:16Z">Group security identifier (SID): S-1-5-21-1510050983-1476603476-4294013363-519</Info>
    <Info Time="2018-10-31 17:23:16Z">HasToken: True</Info>
    <Info Time="2018-10-31 17:23:16Z">Schema type: server</Info>
    <Info Time="2018-10-31 17:23:16Z">Check Groups</Info>
    <Info Time="2018-10-31 17:23:16Z">Check Group permissions</Info>
    <Info Time="2018-10-31 17:23:16Z">Process permissions on "CN=RTCUniversalGlobalReadOnlyGroup,CN=Users,DC=skypefb,DC=com".</Info>
    <Info Time="2018-10-31 17:23:16Z">Process permissions on "CN=RTCUniversalGlobalWriteGroup,CN=Users,DC=skypefb,DC=com".</Info>
    <Info Time="2018-10-31 17:23:16Z">Process permissions on "CN=RTCUniversalServerReadOnlyGroup,CN=Users,DC=skypefb,DC=com".</Info>
    <Info Time="2018-10-31 17:23:16Z">Process permissions on "CN=RTCUniversalUserReadOnlyGroup,CN=Users,DC=skypefb,DC=com".</Info>
    <Info Time="2018-10-31 17:23:16Z">Process permissions on "CN=RTCHSUniversalServices,CN=Users,DC=skypefb,DC=com".</Info>
    <Info Time="2018-10-31 17:23:16Z">Process permissions on "CN=RTCComponentUniversalServices,CN=Users,DC=skypefb,DC=com".</Info>
    <Info Time="2018-10-31 17:23:16Z">Process permissions on "CN=RTCProxyUniversalServices,CN=Users,DC=skypefb,DC=com".</Info>
    <Info Time="2018-10-31 17:23:16Z">Process permissions on "CN=RTCUniversalServerAdmins,CN=Users,DC=skypefb,DC=com".</Info>
    <Info Time="2018-10-31 17:23:16Z">Process permissions on "CN=RTCUniversalUserAdmins,CN=Users,DC=skypefb,DC=com".</Info>
    <Info Time="2018-10-31 17:23:16Z">Process permissions on "CN=RTCUniversalReadOnlyAdmins,CN=Users,DC=skypefb,DC=com".</Info>
    <Info Time="2018-10-31 17:23:16Z">Process permissions on "CN=RTCUniversalConfigReplicator,CN=Users,DC=skypefb,DC=com".</Info>
    <Info Time="2018-10-31 17:23:16Z">Process permissions on "CN=RTCUniversalSBATechnicians,CN=Users,DC=skypefb,DC=com".</Info>
    <Info Time="2018-10-31 17:23:17Z">Process permissions on "CN=RTCSBAUniversalServices,CN=Users,DC=skypefb,DC=com".</Info>
    <Info Time="2018-10-31 17:23:17Z">Process permissions on "CN=CSAdministrator,CN=Users,DC=skypefb,DC=com".</Info>
    <Info Time="2018-10-31 17:23:17Z">Process permissions on "CN=CSVoiceAdministrator,CN=Users,DC=skypefb,DC=com".</Info>
    <Info Time="2018-10-31 17:23:17Z">Process permissions on "CN=CSUserAdministrator,CN=Users,DC=skypefb,DC=com".</Info>
    <Info Time="2018-10-31 17:23:17Z">Process permissions on "CN=CSResponseGroupAdministrator,CN=Users,DC=skypefb,DC=com".</Info>
    <Info Time="2018-10-31 17:23:17Z">Process permissions on "CN=CSResponseGroupManager,CN=Users,DC=skypefb,DC=com".</Info>
    <Info Time="2018-10-31 17:23:17Z">Process permissions on "CN=CSLocationAdministrator,CN=Users,DC=skypefb,DC=com".</Info>
    <Info Time="2018-10-31 17:23:17Z">Process permissions on "CN=CSArchivingAdministrator,CN=Users,DC=skypefb,DC=com".</Info>
    <Info Time="2018-10-31 17:23:17Z">Process permissions on "CN=CSServerAdministrator,CN=Users,DC=skypefb,DC=com".</Info>
    <Info Time="2018-10-31 17:23:17Z">Process permissions on "CN=CSViewOnlyAdministrator,CN=Users,DC=skypefb,DC=com".</Info>
    <Info Time="2018-10-31 17:23:17Z">Process permissions on "CN=CSHelpDesk,CN=Users,DC=skypefb,DC=com".</Info>
    <Info Time="2018-10-31 17:23:17Z">Process permissions on "CN=CSPersistentChatAdministrator,CN=Users,DC=skypefb,DC=com".</Info>
    <Info Time="2018-10-31 17:23:17Z">Check permissions for CN=RTC Service,CN=Services,CN=Configuration,DC=skypefb,DC=com</Info>
    <Info Time="2018-10-31 17:23:17Z">Check permissions for ConfigurationContainer</Info>
    <Info Time="2018-10-31 17:23:17Z">Check permissions for RootDomainSystemContainer</Info>
    <Info Time="2018-10-31 17:23:17Z">Access permission only applies to the Active Directory System container.</Info>
    <Info Title="Result" Time="2018-10-31 17:23:17Z">Check permissions for Configuration deleted objects container</Info>
    <Info Title="Mode" Time="2018-10-31 17:23:17Z">LC_FORESTSETTINGS_STATE_READY</Info>
    <Complete Time="2018-10-31 17:23:17Z" />
  </Action>
  <Action Name="Prepare Domain Active Directory settings" Time="2018-10-31 17:23:17Z">
    <Info Time="2018-10-31 17:23:17Z">Filter: (&amp;((ObjectCategory Equal person)(ObjectClass Equal user)(Sid Equal S-1-5-21-1510050983-1476603476-4294013363-500)))</Info>
    <Info Time="2018-10-31 17:23:17Z">Found</Info>
    <Info Time="2018-10-31 17:23:17Z">User: CN=azuser,CN=Users,DC=skypefb,DC=com</Info>
    <Info Time="2018-10-31 17:23:17Z">Group security identifier (SID): S-1-5-21-1510050983-1476603476-4294013363-512</Info>
    <Info Time="2018-10-31 17:23:17Z">HasToken: True</Info>
    <Info Time="2018-10-31 17:23:17Z">Process permissions on domain skypefb.com.</Info>
    <Info Time="2018-10-31 17:23:17Z">Create permissions for  domain root</Info>
    <Info Time="2018-10-31 17:23:17Z">Create permissions for  users container</Info>
    <Info Time="2018-10-31 17:23:17Z">Create permissions for  computers container</Info>
    <Info Time="2018-10-31 17:23:17Z">Create permissions for  domain controllers container</Info>
    <Info Title="Result" Time="2018-10-31 17:23:17Z">Create permissions for deleted objects container</Info>
    <Info Time="2018-10-31 17:23:17Z">"RTCComponentUniversalServices" added to "BuiltinAuthorizationAccessSid".</Info>
    <Complete Time="2018-10-31 17:23:17Z" />
  </Action>
  <Info Title="Command Status" Time="2018-10-31 17:23:17Z">Command processing is complete.</Info>
  <Info Title="Command Status" Time="2018-10-31 17:23:17Z">Command run is complete.</Info>
</CsMgmtLog>