﻿<?xml version="1.0" encoding="utf-8"?>
<CsMgmtLog Name="Set-CsConfigurationStoreLocation">
  <Action Name="Prepare Topology" Time="2018-10-31 17:30:35Z">
    <Info Title="NewObject" Time="2018-10-31 17:30:35Z">Central Management store location object set to back-end database "VM-SFB-FE01.skypefb.com\rtc".</Info>
    <Info Title="ObjectDn" Time="2018-10-31 17:30:35Z">CN=4e64f98c-3715-45db-962c-99b41e1d4d5e,CN=Topology Settings,CN=RTC Service,CN=Services,CN=Configuration,DC=skypefb,DC=com</Info>
    <Complete Time="2018-10-31 17:30:35Z" />
  </Action>
  <Info Title="Command Status" Time="2018-10-31 17:30:35Z">Command processing is complete.</Info>
  <Info Title="Command Status" Time="2018-10-31 17:30:35Z">Command run is complete.</Info>
</CsMgmtLog>