﻿<?xml version="1.0" encoding="utf-8"?>
<CsMgmtLog Name="Install-CsDatabase">
  <Action Time="2018-10-31 17:30:16Z">
    <Info Time="2018-10-31 17:30:16Z">Root domain: skypefb.com.</Info>
    <Info Time="2018-10-31 17:30:16Z">Root domain: skypefb.com.</Info>
    <Info Time="2018-10-31 17:30:16Z">Filter: (&amp;((ObjectCategory Equal person)(ObjectClass Equal user)(Sid Equal S-1-5-21-1510050983-1476603476-4294013363-500)))</Info>
    <Info Time="2018-10-31 17:30:16Z">Found</Info>
    <Info Time="2018-10-31 17:30:16Z">User: CN=azuser,CN=Users,DC=skypefb,DC=com</Info>
    <Info Time="2018-10-31 17:30:16Z">Group security identifier (SID): S-1-5-21-1510050983-1476603476-4294013363-519</Info>
    <Info Time="2018-10-31 17:30:16Z">HasToken: True</Info>
    <Info Time="2018-10-31 17:30:16Z">Check Groups</Info>
    <Complete Time="2018-10-31 17:30:16Z" />
  </Action>
  <Info Time="2018-10-31 17:30:16Z">Found "RTCUniversalServerAdmins": True</Info>
  <Info Time="2018-10-31 17:30:16Z">Found "RTCUniversalConfigReplicator": True</Info>
  <Info Time="2018-10-31 17:30:16Z">Found "RTCUniversalReadOnlyAdmins": True</Info>
  <Action Name="InstallDatabaseCmdlet.CreateDatabaseForFeature" Time="2018-10-31 17:30:17Z">
    <Info Title="Feature" Time="2018-10-31 17:30:17Z">CentralMgmtStore</Info>
    <Info Title="SQL Instance" Time="2018-10-31 17:30:17Z">VM-SFB-FE01.skypefb.com\rtc</Info>
    <Info Title="Collocated" Time="2018-10-31 17:30:17Z">False</Info>
    <Info Time="2018-10-31 17:30:17Z">Found "RTCUniversalServerAdmins": True</Info>
    <Info Time="2018-10-31 17:30:17Z">Found "RTCUniversalConfigReplicator": True</Info>
    <Info Time="2018-10-31 17:30:17Z">Found "RTCUniversalReadOnlyAdmins": True</Info>
    <Info Time="2018-10-31 17:30:25Z">Found "RTCUniversalServerAdmins": True</Info>
    <Info Time="2018-10-31 17:30:25Z">Found "RTCUniversalReadOnlyAdmins": True</Info>
    <Info Title="Log file" Time="2018-10-31 17:30:30Z">C:\Users\azuser\AppData\Local\Temp\Create-CentralMgmtStore-VM-SFB-FE01.skypefb.com_rtc-[2018_10_31][17_30_17].log</Info>
    <Complete Time="2018-10-31 17:30:30Z" />
  </Action>
  <Info Title="Command Status" Time="2018-10-31 17:30:31Z">Command processing is complete.</Info>
  <Info Title="Command Status" Time="2018-10-31 17:30:31Z">Command run is complete.</Info>
</CsMgmtLog>