﻿<?xml version="1.0" encoding="utf-8"?>
<CsMgmtLog Name="Enable-CSTopology">
  <Info Title="Connection" Time="2018-10-31 17:30:46Z">Data Source=VM-SFB-FE01.skypefb.com\rtc;Initial Catalog=xds;Integrated Security=True;Application Name=Microsoft.Rtc.Management</Info>
  <Action Name="Get Forest State" Time="2018-10-31 17:30:46Z">
    <Info Time="2018-10-31 17:30:46Z">Root domain: skypefb.com.</Info>
    <Info Time="2018-10-31 17:30:46Z">Root domain: skypefb.com.</Info>
    <Info Time="2018-10-31 17:30:46Z">Filter: (&amp;((ObjectCategory Equal person)(ObjectClass Equal user)(Sid Equal S-1-5-21-1510050983-1476603476-4294013363-500)))</Info>
    <Info Time="2018-10-31 17:30:46Z">Found</Info>
    <Info Time="2018-10-31 17:30:46Z">User: CN=azuser,CN=Users,DC=skypefb,DC=com</Info>
    <Info Time="2018-10-31 17:30:46Z">Group security identifier (SID): S-1-5-21-1510050983-1476603476-4294013363-519</Info>
    <Info Time="2018-10-31 17:30:46Z">HasToken: True</Info>
    <Info Time="2018-10-31 17:30:46Z">Schema type: server</Info>
    <Info Time="2018-10-31 17:30:46Z">Check Groups</Info>
    <Info Time="2018-10-31 17:30:46Z">Check Group permissions</Info>
    <Info Time="2018-10-31 17:30:46Z">Process permissions on "CN=RTCUniversalGlobalReadOnlyGroup,CN=Users,DC=skypefb,DC=com".</Info>
    <Info Time="2018-10-31 17:30:46Z">Process permissions on "CN=RTCUniversalGlobalWriteGroup,CN=Users,DC=skypefb,DC=com".</Info>
    <Info Time="2018-10-31 17:30:46Z">Process permissions on "CN=RTCUniversalServerReadOnlyGroup,CN=Users,DC=skypefb,DC=com".</Info>
    <Info Time="2018-10-31 17:30:46Z">Process permissions on "CN=RTCUniversalUserReadOnlyGroup,CN=Users,DC=skypefb,DC=com".</Info>
    <Info Time="2018-10-31 17:30:46Z">Process permissions on "CN=RTCHSUniversalServices,CN=Users,DC=skypefb,DC=com".</Info>
    <Info Time="2018-10-31 17:30:46Z">Process permissions on "CN=RTCComponentUniversalServices,CN=Users,DC=skypefb,DC=com".</Info>
    <Info Time="2018-10-31 17:30:46Z">Process permissions on "CN=RTCProxyUniversalServices,CN=Users,DC=skypefb,DC=com".</Info>
    <Info Time="2018-10-31 17:30:46Z">Process permissions on "CN=RTCUniversalServerAdmins,CN=Users,DC=skypefb,DC=com".</Info>
    <Info Time="2018-10-31 17:30:46Z">Process permissions on "CN=RTCUniversalUserAdmins,CN=Users,DC=skypefb,DC=com".</Info>
    <Info Time="2018-10-31 17:30:46Z">Process permissions on "CN=RTCUniversalReadOnlyAdmins,CN=Users,DC=skypefb,DC=com".</Info>
    <Info Time="2018-10-31 17:30:46Z">Process permissions on "CN=RTCUniversalConfigReplicator,CN=Users,DC=skypefb,DC=com".</Info>
    <Info Time="2018-10-31 17:30:46Z">Process permissions on "CN=RTCUniversalSBATechnicians,CN=Users,DC=skypefb,DC=com".</Info>
    <Info Time="2018-10-31 17:30:46Z">Process permissions on "CN=RTCSBAUniversalServices,CN=Users,DC=skypefb,DC=com".</Info>
    <Info Time="2018-10-31 17:30:46Z">Process permissions on "CN=CSAdministrator,CN=Users,DC=skypefb,DC=com".</Info>
    <Info Time="2018-10-31 17:30:46Z">Process permissions on "CN=CSVoiceAdministrator,CN=Users,DC=skypefb,DC=com".</Info>
    <Info Time="2018-10-31 17:30:46Z">Process permissions on "CN=CSUserAdministrator,CN=Users,DC=skypefb,DC=com".</Info>
    <Info Time="2018-10-31 17:30:46Z">Process permissions on "CN=CSResponseGroupAdministrator,CN=Users,DC=skypefb,DC=com".</Info>
    <Info Time="2018-10-31 17:30:46Z">Process permissions on "CN=CSResponseGroupManager,CN=Users,DC=skypefb,DC=com".</Info>
    <Info Time="2018-10-31 17:30:46Z">Process permissions on "CN=CSLocationAdministrator,CN=Users,DC=skypefb,DC=com".</Info>
    <Info Time="2018-10-31 17:30:46Z">Process permissions on "CN=CSArchivingAdministrator,CN=Users,DC=skypefb,DC=com".</Info>
    <Info Time="2018-10-31 17:30:46Z">Process permissions on "CN=CSServerAdministrator,CN=Users,DC=skypefb,DC=com".</Info>
    <Info Time="2018-10-31 17:30:46Z">Process permissions on "CN=CSViewOnlyAdministrator,CN=Users,DC=skypefb,DC=com".</Info>
    <Info Time="2018-10-31 17:30:46Z">Process permissions on "CN=CSHelpDesk,CN=Users,DC=skypefb,DC=com".</Info>
    <Info Time="2018-10-31 17:30:47Z">Process permissions on "CN=CSPersistentChatAdministrator,CN=Users,DC=skypefb,DC=com".</Info>
    <Info Time="2018-10-31 17:30:47Z">Check permissions for CN=RTC Service,CN=Services,CN=Configuration,DC=skypefb,DC=com</Info>
    <Info Time="2018-10-31 17:30:47Z">Check permissions for ConfigurationContainer</Info>
    <Info Time="2018-10-31 17:30:47Z">Check permissions for RootDomainSystemContainer</Info>
    <Info Time="2018-10-31 17:30:47Z">Access permission only applies to the Active Directory System container.</Info>
    <Info Title="Result" Time="2018-10-31 17:30:47Z">Check permissions for Configuration deleted objects container</Info>
    <Info Title="Mode" Time="2018-10-31 17:30:47Z">LC_FORESTSETTINGS_STATE_READY</Info>
    <Complete Time="2018-10-31 17:30:47Z" />
  </Action>
  <Action Name="Global Activation" Time="2018-10-31 17:30:47Z">
    <Action Name="Site TVP" Time="2018-10-31 17:30:47Z">
      <Action Name="Cluster VM-SFB-FE01.skypefb.com" Time="2018-10-31 17:30:47Z">
        <Action Name="Activate Services for Cluster" Time="2018-10-31 17:30:47Z">
          <Action Name="Registrar:VM-SFB-FE01.skypefb.com" Time="2018-10-31 17:30:47Z">
            <Info Title="Role" Time="2018-10-31 17:30:47Z">Registrar:2</Info>
            <Info Time="2018-10-31 17:30:47Z">Requires setup: True</Info>
            <Action Name="Lyss" Time="2018-10-31 17:30:47Z">
              <Complete Time="2018-10-31 17:30:47Z" />
            </Action>
            <Action Name="XmppFederation" Time="2018-10-31 17:30:47Z">
              <Complete Time="2018-10-31 17:30:47Z" />
            </Action>
            <Action Name="Lyss" Time="2018-10-31 17:30:47Z">
              <Complete Time="2018-10-31 17:30:47Z" />
            </Action>
            <Action Name="XmppFederation" Time="2018-10-31 17:30:47Z">
              <Complete Time="2018-10-31 17:30:47Z" />
            </Action>
            <Info Time="2018-10-31 17:30:47Z">Creating Pool backward compatibility entry for VM-SFB-FE01.skypefb.com</Info>
            <Info Time="2018-10-31 17:30:47Z">Created trusted service entry for type=QoS, port=5061, routable=True, gruuId=08311a2b-ac40-5c3d-b99d-827a8bb5cd0f and FQDN=VM-SFB-FE01.skypefb.com.</Info>
            <Info Time="2018-10-31 17:30:47Z">Create trusted server entry for FQDN=VM-SFB-FE01.skypefb.com and gruuId=e6cb2db4-8c7d-5407-a08a-8e33a12ed7d6.</Info>
            <Info Time="2018-10-31 17:30:47Z">Adding server application "ClientVersionFilter".</Info>
            <Info Time="2018-10-31 17:30:47Z">Adding server application "TranslationService".</Info>
            <Info Time="2018-10-31 17:30:47Z">Adding server application "UdcAgent".</Info>
            <Info Time="2018-10-31 17:30:47Z">Adding server application "XmppListener".</Info>
            <Info Time="2018-10-31 17:30:47Z">Adding server application "UserServices".</Info>
            <Info Time="2018-10-31 17:30:47Z">Adding server application "InterClusterRouting".</Info>
            <Info Time="2018-10-31 17:30:47Z">Adding server application "IIMFilter".</Info>
            <Info Time="2018-10-31 17:30:47Z">Adding server application "UserPinService".</Info>
            <Info Time="2018-10-31 17:30:47Z">Adding server application "DefaultRouting".</Info>
            <Info Time="2018-10-31 17:30:47Z">Adding server application "ExumRouting".</Info>
            <Info Time="2018-10-31 17:30:47Z">Adding server application "OutboundRouting".</Info>
            <Info Time="2018-10-31 17:30:47Z">Adding server application "XmppRouting".</Info>
            <Complete Time="2018-10-31 17:30:47Z" />
          </Action>
          <Action Name="UserServer:VM-SFB-FE01.skypefb.com" Time="2018-10-31 17:30:47Z">
            <Info Title="Role" Time="2018-10-31 17:30:47Z">UserServices:2</Info>
            <Info Time="2018-10-31 17:30:47Z">Requires setup: True</Info>
            <Action Name="HealthAgent" Time="2018-10-31 17:30:47Z">
              <Complete Time="2018-10-31 17:30:47Z" />
            </Action>
            <Info Time="2018-10-31 17:30:47Z">Creating Conference directory 1</Info>
            <Complete Time="2018-10-31 17:30:47Z" />
          </Action>
          <Action Name="ApplicationServer:VM-SFB-FE01.skypefb.com" Time="2018-10-31 17:30:47Z">
            <Info Title="Role" Time="2018-10-31 17:30:47Z">ApplicationServer:1</Info>
            <Info Time="2018-10-31 17:30:47Z">Requires setup: True</Info>
            <Action Name="testbot" Time="2018-10-31 17:30:47Z">
              <Info Title="Application" Time="2018-10-31 17:30:47Z">testbot</Info>
              <Info Time="2018-10-31 17:30:47Z">Created trusted service entry for type=Microsoft.Rtc.Applications.TestBot, port=5076, routable=True, gruuId=11e39c43-3946-505b-97d1-c9314d9e7163 and FQDN=VM-SFB-FE01.skypefb.com.</Info>
              <Info Time="2018-10-31 17:30:48Z">Creating the contact for the application.</Info>
              <Complete Time="2018-10-31 17:30:48Z" />
            </Action>
            <Action Name="Cps" Time="2018-10-31 17:30:48Z">
              <Info Title="Application" Time="2018-10-31 17:30:48Z">Cps</Info>
              <Info Time="2018-10-31 17:30:48Z">Created trusted service entry for type=Microsoft.Rtc.Applications.Cps, port=5075, routable=True, gruuId=b68f1ba2-fe43-50b2-96c6-3ec570a25dfd and FQDN=VM-SFB-FE01.skypefb.com.</Info>
              <Info Time="2018-10-31 17:30:48Z">Creating the contact for the application.</Info>
              <Info Time="2018-10-31 17:30:48Z">Creating application data directory.</Info>
              <Complete Time="2018-10-31 17:30:48Z" />
            </Action>
            <Action Name="RGS" Time="2018-10-31 17:30:48Z">
              <Info Title="Application" Time="2018-10-31 17:30:48Z">RGS</Info>
              <Info Time="2018-10-31 17:30:48Z">Created trusted service entry for type=Microsoft.Rtc.Applications.Acd, port=5071, routable=True, gruuId=7207a858-5987-5029-b752-43099d8c71ff and FQDN=VM-SFB-FE01.skypefb.com.</Info>
              <Info Time="2018-10-31 17:30:48Z">Skipping contact creation because none are specified.</Info>
              <Info Time="2018-10-31 17:30:48Z">Creating application data directory.</Info>
              <Complete Time="2018-10-31 17:30:48Z" />
            </Action>
            <Action Name="Cas" Time="2018-10-31 17:30:48Z">
              <Info Title="Application" Time="2018-10-31 17:30:48Z">Cas</Info>
              <Info Time="2018-10-31 17:30:48Z">Created trusted service entry for type=Microsoft.Rtc.Applications.Cas, port=5073, routable=True, gruuId=43961cd4-53b2-5c24-9dc2-a0de6ac0da69 and FQDN=VM-SFB-FE01.skypefb.com.</Info>
              <Info Time="2018-10-31 17:30:48Z">Creating the contact for the application.</Info>
              <Complete Time="2018-10-31 17:30:48Z" />
            </Action>
            <Action Name="Caa" Time="2018-10-31 17:30:48Z">
              <Info Title="Application" Time="2018-10-31 17:30:48Z">Caa</Info>
              <Info Time="2018-10-31 17:30:48Z">Created trusted service entry for type=Microsoft.Rtc.Applications.Caa, port=5072, routable=True, gruuId=44653ca8-2c21-5858-b516-744a1d889724 and FQDN=VM-SFB-FE01.skypefb.com.</Info>
              <Info Time="2018-10-31 17:30:48Z">Creating the contact for the application.</Info>
              <Complete Time="2018-10-31 17:30:48Z" />
            </Action>
            <Complete Time="2018-10-31 17:30:48Z" />
          </Action>
          <Action Name="CentralManagement:VM-SFB-FE01.skypefb.com" Time="2018-10-31 17:30:48Z">
            <Info Title="Role" Time="2018-10-31 17:30:48Z">CentralMgmt:1</Info>
            <Info Time="2018-10-31 17:30:48Z">Requires setup: True</Info>
            <Action Name="CMSMaster" Time="2018-10-31 17:30:48Z">
              <Complete Time="2018-10-31 17:30:48Z" />
            </Action>
            <Action Name="CMSFileTransfer" Time="2018-10-31 17:30:48Z">
              <Complete Time="2018-10-31 17:30:48Z" />
            </Action>
            <Complete Time="2018-10-31 17:30:48Z" />
          </Action>
          <Action Name="ConferencingServer:VM-SFB-FE01.skypefb.com" Time="2018-10-31 17:30:48Z">
            <Info Title="Role" Time="2018-10-31 17:30:48Z">ConfServices:1</Info>
            <Info Time="2018-10-31 17:30:48Z">Requires setup: True</Info>
            <Action Name="IMConf" Time="2018-10-31 17:30:48Z">
              <Complete Time="2018-10-31 17:30:48Z" />
            </Action>
            <Action Name="DataConf" Time="2018-10-31 17:30:48Z">
              <Complete Time="2018-10-31 17:30:48Z" />
            </Action>
            <Action Name="AppSharingConf" Time="2018-10-31 17:30:48Z">
              <Complete Time="2018-10-31 17:30:48Z" />
            </Action>
            <Action Name="AVConf" Time="2018-10-31 17:30:48Z">
              <Complete Time="2018-10-31 17:30:48Z" />
            </Action>
            <Complete Time="2018-10-31 17:30:48Z" />
          </Action>
          <Action Name="FileStore:VM-SFB-FE01.skypefb.com" Time="2018-10-31 17:30:48Z">
            <Info Title="Role" Time="2018-10-31 17:30:48Z">FileStore:1</Info>
            <Info Time="2018-10-31 17:30:48Z">Requires setup: True</Info>
            <Info Time="2018-10-31 17:30:48Z">Successfully created directory \\VM-SFB-FE01.skypefb.com\LyncShare\1-WebServices-1\ABFiles.</Info>
            <Info Time="2018-10-31 17:30:48Z">Found "RTCComponentUniversalServices": True</Info>
            <Info Time="2018-10-31 17:30:48Z">Access control list (ACL) was added.</Info>
            <Info Title="Acl" Time="2018-10-31 17:30:48Z">"AccessRead" permissions for "RTCComponentUniversalServices" on "\\VM-SFB-FE01.skypefb.com\LyncShare".</Info>
            <Info Time="2018-10-31 17:30:48Z">Access control list (ACL) was added.</Info>
            <Info Title="Acl" Time="2018-10-31 17:30:48Z">"AccessRead" permissions for "RTCComponentUniversalServices" on "\\VM-SFB-FE01.skypefb.com\LyncShare\1-WebServices-1\ABFiles".</Info>
            <Info Time="2018-10-31 17:30:48Z">Found "RTCHSUniversalServices": True</Info>
            <Info Time="2018-10-31 17:30:48Z">Access control list (ACL) was added.</Info>
            <Info Title="Acl" Time="2018-10-31 17:30:48Z">"AccessWrite" permissions for "RTCHSUniversalServices" on "\\VM-SFB-FE01.skypefb.com\LyncShare".</Info>
            <Info Time="2018-10-31 17:30:48Z">Access control list (ACL) was added.</Info>
            <Info Title="Acl" Time="2018-10-31 17:30:48Z">"AccessWrite" permissions for "RTCHSUniversalServices" on "\\VM-SFB-FE01.skypefb.com\LyncShare\1-WebServices-1\ABFiles".</Info>
            <Info Title="Acl" Time="2018-10-31 17:30:48Z">Committed permission changes for "\\VM-SFB-FE01.skypefb.com\LyncShare\1-WebServices-1\ABFiles".</Info>
            <Info Time="2018-10-31 17:30:48Z">Successfully created directory \\VM-SFB-FE01.skypefb.com\LyncShare\1-WebServices-1\DeviceUpdateStore.</Info>
            <Info Time="2018-10-31 17:30:48Z">Access control list (ACL) is ready.</Info>
            <Info Title="Acl" Time="2018-10-31 17:30:48Z">"AccessRead" permissions for "RTCComponentUniversalServices" on "\\VM-SFB-FE01.skypefb.com\LyncShare".</Info>
            <Info Time="2018-10-31 17:30:48Z">Access control list (ACL) was added.</Info>
            <Info Title="Acl" Time="2018-10-31 17:30:48Z">"AccessRead" permissions for "RTCComponentUniversalServices" on "\\VM-SFB-FE01.skypefb.com\LyncShare\1-WebServices-1\DeviceUpdateStore".</Info>
            <Info Time="2018-10-31 17:30:48Z">Found "RTCUniversalServerAdmins": True</Info>
            <Info Time="2018-10-31 17:30:48Z">Access control list (ACL) was added.</Info>
            <Info Title="Acl" Time="2018-10-31 17:30:48Z">"AccessWrite" permissions for "RTCUniversalServerAdmins" on "\\VM-SFB-FE01.skypefb.com\LyncShare".</Info>
            <Info Time="2018-10-31 17:30:48Z">Access control list (ACL) was added.</Info>
            <Info Title="Acl" Time="2018-10-31 17:30:48Z">"AccessWrite" permissions for "RTCUniversalServerAdmins" on "\\VM-SFB-FE01.skypefb.com\LyncShare\1-WebServices-1\DeviceUpdateStore".</Info>
            <Info Title="Acl" Time="2018-10-31 17:30:48Z">Committed permission changes for "\\VM-SFB-FE01.skypefb.com\LyncShare\1-WebServices-1\DeviceUpdateStore".</Info>
            <Info Time="2018-10-31 17:30:48Z">Successfully created directory \\VM-SFB-FE01.skypefb.com\LyncShare\1-WebServices-1\DeviceUpdateLogs.</Info>
            <Info Time="2018-10-31 17:30:48Z">Access control list (ACL) is ready.</Info>
            <Info Title="Acl" Time="2018-10-31 17:30:48Z">"AccessWrite" permissions for "RTCUniversalServerAdmins" on "\\VM-SFB-FE01.skypefb.com\LyncShare".</Info>
            <Info Time="2018-10-31 17:30:48Z">Access control list (ACL) was added.</Info>
            <Info Title="Acl" Time="2018-10-31 17:30:48Z">"AccessWrite" permissions for "RTCUniversalServerAdmins" on "\\VM-SFB-FE01.skypefb.com\LyncShare\1-WebServices-1\DeviceUpdateLogs".</Info>
            <Info Time="2018-10-31 17:30:48Z">Access control list (ACL) was added.</Info>
            <Info Title="Acl" Time="2018-10-31 17:30:48Z">"AccessWrite" permissions for "RTCComponentUniversalServices" on "\\VM-SFB-FE01.skypefb.com\LyncShare".</Info>
            <Info Time="2018-10-31 17:30:48Z">Access control list (ACL) was added.</Info>
            <Info Title="Acl" Time="2018-10-31 17:30:48Z">"AccessWrite" permissions for "RTCComponentUniversalServices" on "\\VM-SFB-FE01.skypefb.com\LyncShare\1-WebServices-1\DeviceUpdateLogs".</Info>
            <Info Title="Acl" Time="2018-10-31 17:30:48Z">Committed permission changes for "\\VM-SFB-FE01.skypefb.com\LyncShare\1-WebServices-1\DeviceUpdateLogs".</Info>
            <Info Time="2018-10-31 17:30:48Z">Successfully created directory \\VM-SFB-FE01.skypefb.com\LyncShare\1-WebServices-1\DataConf.</Info>
            <Info Time="2018-10-31 17:30:48Z">Access control list (ACL) is ready.</Info>
            <Info Title="Acl" Time="2018-10-31 17:30:48Z">"AccessWrite" permissions for "RTCComponentUniversalServices" on "\\VM-SFB-FE01.skypefb.com\LyncShare".</Info>
            <Info Time="2018-10-31 17:30:48Z">Access control list (ACL) was added.</Info>
            <Info Title="Acl" Time="2018-10-31 17:30:48Z">"AccessWrite" permissions for "RTCComponentUniversalServices" on "\\VM-SFB-FE01.skypefb.com\LyncShare\1-WebServices-1\DataConf".</Info>
            <Info Title="Acl" Time="2018-10-31 17:30:48Z">Committed permission changes for "\\VM-SFB-FE01.skypefb.com\LyncShare\1-WebServices-1\DataConf".</Info>
            <Info Time="2018-10-31 17:30:48Z">Successfully created directory \\VM-SFB-FE01.skypefb.com\LyncShare\1-WebServices-1\CollabContent.</Info>
            <Info Time="2018-10-31 17:30:48Z">Access control list (ACL) is ready.</Info>
            <Info Title="Acl" Time="2018-10-31 17:30:48Z">"AccessWrite" permissions for "RTCComponentUniversalServices" on "\\VM-SFB-FE01.skypefb.com\LyncShare".</Info>
            <Info Time="2018-10-31 17:30:48Z">Access control list (ACL) was added.</Info>
            <Info Title="Acl" Time="2018-10-31 17:30:48Z">"AccessWrite" permissions for "RTCComponentUniversalServices" on "\\VM-SFB-FE01.skypefb.com\LyncShare\1-WebServices-1\CollabContent".</Info>
            <Info Title="Acl" Time="2018-10-31 17:30:48Z">Committed permission changes for "\\VM-SFB-FE01.skypefb.com\LyncShare\1-WebServices-1\CollabContent".</Info>
            <Info Time="2018-10-31 17:30:48Z">Successfully created directory \\VM-SFB-FE01.skypefb.com\LyncShare\1-WebServices-1\CollabMetadata.</Info>
            <Info Time="2018-10-31 17:30:48Z">Access control list (ACL) is ready.</Info>
            <Info Title="Acl" Time="2018-10-31 17:30:48Z">"AccessWrite" permissions for "RTCComponentUniversalServices" on "\\VM-SFB-FE01.skypefb.com\LyncShare".</Info>
            <Info Time="2018-10-31 17:30:48Z">Access control list (ACL) was added.</Info>
            <Info Title="Acl" Time="2018-10-31 17:30:48Z">"AccessWrite" permissions for "RTCComponentUniversalServices" on "\\VM-SFB-FE01.skypefb.com\LyncShare\1-WebServices-1\CollabMetadata".</Info>
            <Info Title="Acl" Time="2018-10-31 17:30:48Z">Committed permission changes for "\\VM-SFB-FE01.skypefb.com\LyncShare\1-WebServices-1\CollabMetadata".</Info>
            <Info Time="2018-10-31 17:30:48Z">Successfully created directory \\VM-SFB-FE01.skypefb.com\LyncShare\1-WebServices-1\CollabJournal.</Info>
            <Info Time="2018-10-31 17:30:48Z">Access control list (ACL) is ready.</Info>
            <Info Title="Acl" Time="2018-10-31 17:30:48Z">"AccessWrite" permissions for "RTCComponentUniversalServices" on "\\VM-SFB-FE01.skypefb.com\LyncShare".</Info>
            <Info Time="2018-10-31 17:30:48Z">Access control list (ACL) was added.</Info>
            <Info Title="Acl" Time="2018-10-31 17:30:48Z">"AccessWrite" permissions for "RTCComponentUniversalServices" on "\\VM-SFB-FE01.skypefb.com\LyncShare\1-WebServices-1\CollabJournal".</Info>
            <Info Title="Acl" Time="2018-10-31 17:30:48Z">Committed permission changes for "\\VM-SFB-FE01.skypefb.com\LyncShare\1-WebServices-1\CollabJournal".</Info>
            <Info Time="2018-10-31 17:30:48Z">Successfully created directory \\VM-SFB-FE01.skypefb.com\LyncShare\1-WebServices-1\LMStaticData.</Info>
            <Info Time="2018-10-31 17:30:48Z">Access control list (ACL) is ready.</Info>
            <Info Title="Acl" Time="2018-10-31 17:30:48Z">"AccessWrite" permissions for "RTCComponentUniversalServices" on "\\VM-SFB-FE01.skypefb.com\LyncShare".</Info>
            <Info Time="2018-10-31 17:30:48Z">Access control list (ACL) was added.</Info>
            <Info Title="Acl" Time="2018-10-31 17:30:48Z">"AccessWrite" permissions for "RTCComponentUniversalServices" on "\\VM-SFB-FE01.skypefb.com\LyncShare\1-WebServices-1\LMStaticData".</Info>
            <Info Title="Acl" Time="2018-10-31 17:30:48Z">Committed permission changes for "\\VM-SFB-FE01.skypefb.com\LyncShare\1-WebServices-1\LMStaticData".</Info>
            <Info Time="2018-10-31 17:30:48Z">Successfully created directory \\VM-SFB-FE01.skypefb.com\LyncShare\1-WebServices-1\StorageService.</Info>
            <Info Time="2018-10-31 17:30:48Z">Access control list (ACL) is ready.</Info>
            <Info Title="Acl" Time="2018-10-31 17:30:48Z">"AccessWrite" permissions for "RTCComponentUniversalServices" on "\\VM-SFB-FE01.skypefb.com\LyncShare".</Info>
            <Info Time="2018-10-31 17:30:48Z">Access control list (ACL) was added.</Info>
            <Info Title="Acl" Time="2018-10-31 17:30:48Z">"AccessWrite" permissions for "RTCComponentUniversalServices" on "\\VM-SFB-FE01.skypefb.com\LyncShare\1-WebServices-1\StorageService".</Info>
            <Info Title="Acl" Time="2018-10-31 17:30:48Z">Committed permission changes for "\\VM-SFB-FE01.skypefb.com\LyncShare\1-WebServices-1\StorageService".</Info>
            <Info Time="2018-10-31 17:30:48Z">Successfully created directory \\VM-SFB-FE01.skypefb.com\LyncShare\1-WebServices-1\WebAuthStore.</Info>
            <Info Time="2018-10-31 17:30:48Z">Access control list (ACL) is ready.</Info>
            <Info Title="Acl" Time="2018-10-31 17:30:48Z">"AccessWrite" permissions for "RTCComponentUniversalServices" on "\\VM-SFB-FE01.skypefb.com\LyncShare".</Info>
            <Info Time="2018-10-31 17:30:48Z">Access control list (ACL) was added.</Info>
            <Info Title="Acl" Time="2018-10-31 17:30:48Z">"AccessWrite" permissions for "RTCComponentUniversalServices" on "\\VM-SFB-FE01.skypefb.com\LyncShare\1-WebServices-1\WebAuthStore".</Info>
            <Info Title="Acl" Time="2018-10-31 17:30:48Z">Committed permission changes for "\\VM-SFB-FE01.skypefb.com\LyncShare\1-WebServices-1\WebAuthStore".</Info>
            <Info Title="Acl" Time="2018-10-31 17:30:48Z">Committed permission changes for "\\VM-SFB-FE01.skypefb.com\LyncShare".</Info>
            <Info Time="2018-10-31 17:30:48Z">Access control list (ACL) is ready.</Info>
            <Info Title="Acl" Time="2018-10-31 17:30:48Z">"AccessWrite" permissions for "RTCUniversalServerAdmins" on "\\VM-SFB-FE01.skypefb.com\LyncShare".</Info>
            <Info Time="2018-10-31 17:30:48Z">Access control list (ACL) was added.</Info>
            <Info Title="Acl" Time="2018-10-31 17:30:48Z">"AccessWrite" permissions for "RTCUniversalServerAdmins" on "\\VM-SFB-FE01.skypefb.com\LyncShare\1-ApplicationServer-1\AppServerFiles".</Info>
            <Info Time="2018-10-31 17:30:48Z">Access control list (ACL) is ready.</Info>
            <Info Title="Acl" Time="2018-10-31 17:30:48Z">"AccessWrite" permissions for "RTCComponentUniversalServices" on "\\VM-SFB-FE01.skypefb.com\LyncShare".</Info>
            <Info Time="2018-10-31 17:30:48Z">Access control list (ACL) was added.</Info>
            <Info Title="Acl" Time="2018-10-31 17:30:48Z">"AccessWrite" permissions for "RTCComponentUniversalServices" on "\\VM-SFB-FE01.skypefb.com\LyncShare\1-ApplicationServer-1\AppServerFiles".</Info>
            <Info Title="Acl" Time="2018-10-31 17:30:48Z">Committed permission changes for "\\VM-SFB-FE01.skypefb.com\LyncShare\1-ApplicationServer-1\AppServerFiles".</Info>
            <Info Time="2018-10-31 17:30:48Z">Successfully created directory \\VM-SFB-FE01.skypefb.com\LyncShare\1-CentralMgmt-1\CMSFileStore.</Info>
            <Info Time="2018-10-31 17:30:48Z">Found "RTCUniversalConfigReplicator": True</Info>
            <Info Time="2018-10-31 17:30:48Z">Access control list (ACL) was added.</Info>
            <Info Title="Acl" Time="2018-10-31 17:30:48Z">"AccessWrite" permissions for "RTCUniversalConfigReplicator" on "\\VM-SFB-FE01.skypefb.com\LyncShare".</Info>
            <Info Time="2018-10-31 17:30:48Z">Access control list (ACL) was added.</Info>
            <Info Title="Acl" Time="2018-10-31 17:30:48Z">"AccessWrite" permissions for "RTCUniversalConfigReplicator" on "\\VM-SFB-FE01.skypefb.com\LyncShare\1-CentralMgmt-1\CMSFileStore".</Info>
            <Info Title="Acl" Time="2018-10-31 17:30:48Z">Committed permission changes for "\\VM-SFB-FE01.skypefb.com\LyncShare\1-CentralMgmt-1\CMSFileStore".</Info>
            <Info Title="Acl" Time="2018-10-31 17:30:48Z">Committed permission changes for "\\VM-SFB-FE01.skypefb.com\LyncShare".</Info>
            <Complete Time="2018-10-31 17:30:48Z" />
          </Action>
          <Action Name="MediationServer:VM-SFB-FE01.skypefb.com" Time="2018-10-31 17:30:48Z">
            <Info Title="Role" Time="2018-10-31 17:30:48Z">MediationServer:1</Info>
            <Info Time="2018-10-31 17:30:48Z">Requires setup: True</Info>
            <Info Time="2018-10-31 17:30:48Z">Created trusted service entry for type=MediationServer, port=5070, routable=True, gruuId=cb9a762d-3a42-5d63-8adc-8c4fb9b482c7 and FQDN=VM-SFB-FE01.skypefb.com.</Info>
            <Complete Time="2018-10-31 17:30:48Z" />
          </Action>
          <Action Name="WebServer:VM-SFB-FE01.skypefb.com" Time="2018-10-31 17:30:48Z">
            <Info Title="Role" Time="2018-10-31 17:30:48Z">WebServices:1</Info>
            <Info Time="2018-10-31 17:30:48Z">Requires setup: True</Info>
            <Info Time="2018-10-31 17:30:48Z">Creating Trusted web components server backward compatibility entry for VM-SFB-FE01.skypefb.com</Info>
            <Action Name="Enable Service for Kerberos Account" Time="2018-10-31 17:30:48Z">
              <Info Title="MissingObject" Time="2018-10-31 17:30:49Z">The site 1 is not assigned to a Kerberos account.</Info>
              <Info Title="MissingObject" Time="2018-10-31 17:30:49Z">The site 1 is not assigned to a Kerberos account.</Info>
              <Info Title="Query" Time="2018-10-31 17:30:49Z">(&amp;((|((ObjectClass Equal user)(ObjectClass Equal computer)))(servicePrincipalName Equal http/VM-SFB-FE01.skypefb.com)))</Info>
              <Info Title="MissingObject" Time="2018-10-31 17:30:49Z">The service principal name http/VM-SFB-FE01.skypefb.com was not found on any container in Active Directory.</Info>
              <Complete Time="2018-10-31 17:30:49Z" />
            </Action>
            <Complete Time="2018-10-31 17:30:49Z" />
          </Action>
          <Complete Time="2018-10-31 17:30:49Z" />
        </Action>
        <Action Name="Activate Computers for Cluster" Time="2018-10-31 17:30:49Z">
          <Action Name="Host VM-SFB-FE01.skypefb.com" Time="2018-10-31 17:30:49Z">
            <Action Name="Activate Host" Time="2018-10-31 17:30:49Z">
              <Info Time="2018-10-31 17:30:49Z">Found "VM-SFB-FE01": True</Info>
              <Info Time="2018-10-31 17:30:49Z">Service control point (SCP) was added: CN=Microsoft,CN=VM-SFB-FE01,CN=Computers,DC=skypefb,DC=com</Info>
              <Complete Time="2018-10-31 17:30:49Z" />
            </Action>
            <Action Name="Registrar:VM-SFB-FE01.skypefb.com" Time="2018-10-31 17:30:49Z">
              <Info Title="Role" Time="2018-10-31 17:30:49Z">Registrar</Info>
              <Info Title="Host" Time="2018-10-31 17:30:49Z">VM-SFB-FE01.skypefb.com</Info>
              <Info Time="2018-10-31 17:30:49Z">Requires setup: True</Info>
              <Info Time="2018-10-31 17:30:49Z">"VM-SFB-FE01" added to "RTCHSUniversalServices".</Info>
              <Info Time="2018-10-31 17:30:49Z">"VM-SFB-FE01" added to "RTCComponentUniversalServices".</Info>
              <Info Time="2018-10-31 17:30:49Z">Service control point (SCP) was added: CN=RTC Services,CN=Microsoft,CN=VM-SFB-FE01,CN=Computers,DC=skypefb,DC=com</Info>
              <Info Title="Invalid" Time="2018-10-31 17:30:49Z">The service 1-Registrar-1 is not qualified for Kerberos authentication.</Info>
              <Info Time="2018-10-31 17:30:49Z">Adding Service principal name (SPN) "sip/VM-SFB-FE01.skypefb.com" to "CN=VM-SFB-FE01,CN=Computers,DC=skypefb,DC=com".</Info>
              <Info Time="2018-10-31 17:30:49Z">Service principal name (SPN) "sip/VM-SFB-FE01.skypefb.com" added to "CN=VM-SFB-FE01,CN=Computers,DC=skypefb,DC=com".</Info>
              <Action Name="Lyss" Time="2018-10-31 17:30:49Z">
                <Info Title="Host" Time="2018-10-31 17:30:49Z">VM-SFB-FE01.skypefb.com</Info>
                <Info Time="2018-10-31 17:30:49Z">Requires setup: True</Info>
                <Complete Time="2018-10-31 17:30:49Z" />
              </Action>
              <Action Name="XmppFederation" Time="2018-10-31 17:30:49Z">
                <Info Title="Host" Time="2018-10-31 17:30:49Z">VM-SFB-FE01.skypefb.com</Info>
                <Info Time="2018-10-31 17:30:49Z">Requires setup: True</Info>
                <Complete Time="2018-10-31 17:30:49Z" />
              </Action>
              <Action Name="Lyss" Time="2018-10-31 17:30:49Z">
                <Info Title="Host" Time="2018-10-31 17:30:49Z">VM-SFB-FE01.skypefb.com</Info>
                <Info Time="2018-10-31 17:30:49Z">Requires setup: True</Info>
                <Complete Time="2018-10-31 17:30:49Z" />
              </Action>
              <Action Name="XmppFederation" Time="2018-10-31 17:30:49Z">
                <Info Title="Host" Time="2018-10-31 17:30:49Z">VM-SFB-FE01.skypefb.com</Info>
                <Info Time="2018-10-31 17:30:49Z">Requires setup: True</Info>
                <Complete Time="2018-10-31 17:30:49Z" />
              </Action>
              <Info Time="2018-10-31 17:30:49Z">Created trusted service entry for type=QoS, port=5061, routable=True, gruuId=08311a2b-ac40-5c3d-b99d-827a8bb5cd0f and FQDN=VM-SFB-FE01.skypefb.com.</Info>
              <Info Time="2018-10-31 17:30:49Z">Create trusted server entry for FQDN=VM-SFB-FE01.skypefb.com and gruuId=e6cb2db4-8c7d-5407-a08a-8e33a12ed7d6.</Info>
              <Complete Time="2018-10-31 17:30:49Z" />
            </Action>
            <Action Name="UserServer:VM-SFB-FE01.skypefb.com" Time="2018-10-31 17:30:49Z">
              <Info Title="Role" Time="2018-10-31 17:30:49Z">UserServices</Info>
              <Info Title="Host" Time="2018-10-31 17:30:49Z">VM-SFB-FE01.skypefb.com</Info>
              <Info Time="2018-10-31 17:30:49Z">Requires setup: True</Info>
              <Info Time="2018-10-31 17:30:49Z">"VM-SFB-FE01" added to "RTCHSUniversalServices".</Info>
              <Info Time="2018-10-31 17:30:49Z">Service control point (SCP) was added: CN=RTC Services,CN=Microsoft,CN=VM-SFB-FE01,CN=Computers,DC=skypefb,DC=com</Info>
              <Info Title="Invalid" Time="2018-10-31 17:30:49Z">The service 1-UserServices-1 is not qualified for Kerberos authentication.</Info>
              <Info Time="2018-10-31 17:30:49Z">Service principal name (SPN) "sip/VM-SFB-FE01.skypefb.com" already exists in "CN=VM-SFB-FE01,CN=Computers,DC=skypefb,DC=com".</Info>
              <Action Name="HealthAgent" Time="2018-10-31 17:30:49Z">
                <Info Title="Host" Time="2018-10-31 17:30:49Z">VM-SFB-FE01.skypefb.com</Info>
                <Info Time="2018-10-31 17:30:49Z">Requires setup: True</Info>
                <Info Time="2018-10-31 17:30:49Z">"VM-SFB-FE01" added to "RTCComponentUniversalServices".</Info>
                <Complete Time="2018-10-31 17:30:49Z" />
              </Action>
              <Complete Time="2018-10-31 17:30:49Z" />
            </Action>
            <Action Name="ApplicationServer:VM-SFB-FE01.skypefb.com" Time="2018-10-31 17:30:49Z">
              <Info Title="Role" Time="2018-10-31 17:30:49Z">ApplicationServer</Info>
              <Info Title="Host" Time="2018-10-31 17:30:49Z">VM-SFB-FE01.skypefb.com</Info>
              <Info Time="2018-10-31 17:30:49Z">Requires setup: True</Info>
              <Info Time="2018-10-31 17:30:49Z">"VM-SFB-FE01" added to "RTCComponentUniversalServices".</Info>
              <Info Time="2018-10-31 17:30:49Z">Service control point (SCP) was added: CN=UC AppServer Services,CN=Microsoft,CN=VM-SFB-FE01,CN=Computers,DC=skypefb,DC=com</Info>
              <Action Name="testbot" Time="2018-10-31 17:30:49Z">
                <Info Title="Application" Time="2018-10-31 17:30:49Z">testbot</Info>
                <Info Time="2018-10-31 17:30:49Z">Created trusted service entry for type=Microsoft.Rtc.Applications.TestBot, port=5076, routable=True, gruuId=11e39c43-3946-505b-97d1-c9314d9e7163 and FQDN=VM-SFB-FE01.skypefb.com.</Info>
                <Complete Time="2018-10-31 17:30:49Z" />
              </Action>
              <Action Name="Cps" Time="2018-10-31 17:30:49Z">
                <Info Title="Application" Time="2018-10-31 17:30:49Z">Cps</Info>
                <Info Time="2018-10-31 17:30:49Z">Created trusted service entry for type=Microsoft.Rtc.Applications.Cps, port=5075, routable=True, gruuId=b68f1ba2-fe43-50b2-96c6-3ec570a25dfd and FQDN=VM-SFB-FE01.skypefb.com.</Info>
                <Complete Time="2018-10-31 17:30:49Z" />
              </Action>
              <Action Name="RGS" Time="2018-10-31 17:30:49Z">
                <Info Title="Application" Time="2018-10-31 17:30:49Z">RGS</Info>
                <Info Time="2018-10-31 17:30:49Z">Created trusted service entry for type=Microsoft.Rtc.Applications.Acd, port=5071, routable=True, gruuId=7207a858-5987-5029-b752-43099d8c71ff and FQDN=VM-SFB-FE01.skypefb.com.</Info>
                <Complete Time="2018-10-31 17:30:49Z" />
              </Action>
              <Action Name="Cas" Time="2018-10-31 17:30:49Z">
                <Info Title="Application" Time="2018-10-31 17:30:49Z">Cas</Info>
                <Info Time="2018-10-31 17:30:49Z">Created trusted service entry for type=Microsoft.Rtc.Applications.Cas, port=5073, routable=True, gruuId=43961cd4-53b2-5c24-9dc2-a0de6ac0da69 and FQDN=VM-SFB-FE01.skypefb.com.</Info>
                <Complete Time="2018-10-31 17:30:49Z" />
              </Action>
              <Action Name="Caa" Time="2018-10-31 17:30:49Z">
                <Info Title="Application" Time="2018-10-31 17:30:49Z">Caa</Info>
                <Info Time="2018-10-31 17:30:49Z">Created trusted service entry for type=Microsoft.Rtc.Applications.Caa, port=5072, routable=True, gruuId=44653ca8-2c21-5858-b516-744a1d889724 and FQDN=VM-SFB-FE01.skypefb.com.</Info>
                <Complete Time="2018-10-31 17:30:49Z" />
              </Action>
              <Complete Time="2018-10-31 17:30:49Z" />
            </Action>
            <Action Name="ApplicationDatabase:VM-SFB-FE01.skypefb.com" Time="2018-10-31 17:30:49Z">
              <Info Title="Role" Time="2018-10-31 17:30:49Z">ApplicationStore</Info>
              <Info Title="Host" Time="2018-10-31 17:30:49Z">VM-SFB-FE01.skypefb.com</Info>
              <Info Time="2018-10-31 17:30:49Z">Requires setup: False</Info>
              <Complete Time="2018-10-31 17:30:49Z" />
            </Action>
            <Action Name="CentralManagement:VM-SFB-FE01.skypefb.com" Time="2018-10-31 17:30:49Z">
              <Info Title="Role" Time="2018-10-31 17:30:49Z">CentralMgmt</Info>
              <Info Title="Host" Time="2018-10-31 17:30:49Z">VM-SFB-FE01.skypefb.com</Info>
              <Info Time="2018-10-31 17:30:49Z">Requires setup: True</Info>
              <Info Time="2018-10-31 17:30:49Z">"VM-SFB-FE01" added to "RTCUniversalConfigReplicator".</Info>
              <Info Time="2018-10-31 17:30:49Z">Service control point (SCP) was added: CN=LS CentralMgmt Service,CN=Microsoft,CN=VM-SFB-FE01,CN=Computers,DC=skypefb,DC=com</Info>
              <Action Name="CMSMaster" Time="2018-10-31 17:30:49Z">
                <Info Title="Host" Time="2018-10-31 17:30:49Z">VM-SFB-FE01.skypefb.com</Info>
                <Info Time="2018-10-31 17:30:49Z">Requires setup: True</Info>
                <Complete Time="2018-10-31 17:30:49Z" />
              </Action>
              <Action Name="CMSFileTransfer" Time="2018-10-31 17:30:49Z">
                <Info Title="Host" Time="2018-10-31 17:30:49Z">VM-SFB-FE01.skypefb.com</Info>
                <Info Time="2018-10-31 17:30:49Z">Requires setup: True</Info>
                <Complete Time="2018-10-31 17:30:49Z" />
              </Action>
              <Complete Time="2018-10-31 17:30:49Z" />
            </Action>
            <Action Name="CentralManagementDatabase:VM-SFB-FE01.skypefb.com" Time="2018-10-31 17:30:49Z">
              <Info Title="Role" Time="2018-10-31 17:30:49Z">CentralMgmtStore</Info>
              <Info Title="Host" Time="2018-10-31 17:30:49Z">VM-SFB-FE01.skypefb.com</Info>
              <Info Time="2018-10-31 17:30:49Z">Requires setup: False</Info>
              <Complete Time="2018-10-31 17:30:49Z" />
            </Action>
            <Action Name="ConferencingServer:VM-SFB-FE01.skypefb.com" Time="2018-10-31 17:30:49Z">
              <Info Title="Role" Time="2018-10-31 17:30:49Z">ConfServices</Info>
              <Info Title="Host" Time="2018-10-31 17:30:49Z">VM-SFB-FE01.skypefb.com</Info>
              <Info Time="2018-10-31 17:30:49Z">Requires setup: True</Info>
              <Action Name="IMConf" Time="2018-10-31 17:30:49Z">
                <Info Title="Host" Time="2018-10-31 17:30:49Z">VM-SFB-FE01.skypefb.com</Info>
                <Info Time="2018-10-31 17:30:49Z">Requires setup: True</Info>
                <Info Time="2018-10-31 17:30:49Z">"VM-SFB-FE01" added to "RTCComponentUniversalServices".</Info>
                <Info Time="2018-10-31 17:30:49Z">Service control point (SCP) was added: CN=LS IM MCU,CN=Microsoft,CN=VM-SFB-FE01,CN=Computers,DC=skypefb,DC=com</Info>
                <Info Time="2018-10-31 17:30:49Z">Create trusted conferencing server entry for FQDN=VM-SFB-FE01.skypefb.com, type=chat and gruuId=217a0710-484f-5be5-a8da-9683d9e80e41.</Info>
                <Complete Time="2018-10-31 17:30:49Z" />
              </Action>
              <Action Name="DataConf" Time="2018-10-31 17:30:49Z">
                <Info Title="Host" Time="2018-10-31 17:30:49Z">VM-SFB-FE01.skypefb.com</Info>
                <Info Time="2018-10-31 17:30:49Z">Requires setup: True</Info>
                <Info Time="2018-10-31 17:30:49Z">"VM-SFB-FE01" added to "RTCComponentUniversalServices".</Info>
                <Info Time="2018-10-31 17:30:49Z">Service control point (SCP) was added: CN=LS Data MCU,CN=Microsoft,CN=VM-SFB-FE01,CN=Computers,DC=skypefb,DC=com</Info>
                <Complete Time="2018-10-31 17:30:49Z" />
              </Action>
              <Action Name="AppSharingConf" Time="2018-10-31 17:30:49Z">
                <Info Title="Host" Time="2018-10-31 17:30:49Z">VM-SFB-FE01.skypefb.com</Info>
                <Info Time="2018-10-31 17:30:49Z">Requires setup: True</Info>
                <Info Time="2018-10-31 17:30:49Z">"VM-SFB-FE01" added to "RTCComponentUniversalServices".</Info>
                <Info Time="2018-10-31 17:30:49Z">Service control point (SCP) was added: CN=LS AS MCU,CN=Microsoft,CN=VM-SFB-FE01,CN=Computers,DC=skypefb,DC=com</Info>
                <Info Time="2018-10-31 17:30:49Z">Create trusted conferencing server entry for FQDN=VM-SFB-FE01.skypefb.com, type=applicationsharing and gruuId=b7d0094e-0e36-5d4c-b8f5-25e80c5a0030.</Info>
                <Complete Time="2018-10-31 17:30:49Z" />
              </Action>
              <Action Name="AVConf" Time="2018-10-31 17:30:49Z">
                <Info Title="Host" Time="2018-10-31 17:30:49Z">VM-SFB-FE01.skypefb.com</Info>
                <Info Time="2018-10-31 17:30:49Z">Requires setup: True</Info>
                <Info Time="2018-10-31 17:30:49Z">"VM-SFB-FE01" added to "RTCComponentUniversalServices".</Info>
                <Info Time="2018-10-31 17:30:49Z">Service control point (SCP) was added: CN=LS AV MCU,CN=Microsoft,CN=VM-SFB-FE01,CN=Computers,DC=skypefb,DC=com</Info>
                <Info Time="2018-10-31 17:30:49Z">Create trusted conferencing server entry for FQDN=VM-SFB-FE01.skypefb.com, type=audio-video and gruuId=21f9421f-9dc3-5130-b5c1-03adfc25501e.</Info>
                <Complete Time="2018-10-31 17:30:49Z" />
              </Action>
              <Complete Time="2018-10-31 17:30:49Z" />
            </Action>
            <Action Name="FileStore:VM-SFB-FE01.skypefb.com" Time="2018-10-31 17:30:49Z">
              <Info Title="Role" Time="2018-10-31 17:30:49Z">FileStore</Info>
              <Info Title="Host" Time="2018-10-31 17:30:49Z">VM-SFB-FE01.skypefb.com</Info>
              <Info Time="2018-10-31 17:30:49Z">Requires setup: True</Info>
              <Complete Time="2018-10-31 17:30:49Z" />
            </Action>
            <Action Name="MediationServer:VM-SFB-FE01.skypefb.com" Time="2018-10-31 17:30:49Z">
              <Info Title="Role" Time="2018-10-31 17:30:49Z">MediationServer</Info>
              <Info Title="Host" Time="2018-10-31 17:30:49Z">VM-SFB-FE01.skypefb.com</Info>
              <Info Time="2018-10-31 17:30:49Z">Requires setup: True</Info>
              <Info Time="2018-10-31 17:30:49Z">"VM-SFB-FE01" added to "RTCComponentUniversalServices".</Info>
              <Info Time="2018-10-31 17:30:49Z">Created trusted service entry for type=MediationServer, port=5070, routable=True, gruuId=cb9a762d-3a42-5d63-8adc-8c4fb9b482c7 and FQDN=VM-SFB-FE01.skypefb.com.</Info>
              <Complete Time="2018-10-31 17:30:49Z" />
            </Action>
            <Action Name="UserDatabase:VM-SFB-FE01.skypefb.com" Time="2018-10-31 17:30:49Z">
              <Info Title="Role" Time="2018-10-31 17:30:49Z">UserStore</Info>
              <Info Title="Host" Time="2018-10-31 17:30:49Z">VM-SFB-FE01.skypefb.com</Info>
              <Info Time="2018-10-31 17:30:49Z">Requires setup: False</Info>
              <Complete Time="2018-10-31 17:30:49Z" />
            </Action>
            <Action Name="WebServer:VM-SFB-FE01.skypefb.com" Time="2018-10-31 17:30:49Z">
              <Info Title="Role" Time="2018-10-31 17:30:49Z">WebServices</Info>
              <Info Title="Host" Time="2018-10-31 17:30:49Z">VM-SFB-FE01.skypefb.com</Info>
              <Info Time="2018-10-31 17:30:49Z">Requires setup: True</Info>
              <Info Time="2018-10-31 17:30:49Z">"VM-SFB-FE01" added to "RTCComponentUniversalServices".</Info>
              <Info Time="2018-10-31 17:30:49Z">"VM-SFB-FE01" added to "RTCUniversalServerAdmins".</Info>
              <Info Time="2018-10-31 17:30:49Z">Found "RTCUniversalUserAdmins": True</Info>
              <Info Time="2018-10-31 17:30:49Z">"VM-SFB-FE01" added to "RTCUniversalUserAdmins".</Info>
              <Info Time="2018-10-31 17:30:49Z">Service control point (SCP) was added: CN=LS WebComponents Service,CN=Microsoft,CN=VM-SFB-FE01,CN=Computers,DC=skypefb,DC=com</Info>
              <Info Title="MissingObject" Time="2018-10-31 17:30:49Z">The site 1 is not assigned to a Kerberos account.</Info>
              <Info Time="2018-10-31 17:30:49Z">Adding Service principal name (SPN) "http/VM-SFB-FE01.skypefb.com" to "CN=VM-SFB-FE01,CN=Computers,DC=skypefb,DC=com".</Info>
              <Info Time="2018-10-31 17:30:49Z">Service principal name (SPN) "http/VM-SFB-FE01.skypefb.com" added to "CN=VM-SFB-FE01,CN=Computers,DC=skypefb,DC=com".</Info>
              <Info Time="2018-10-31 17:30:49Z">Creating Trusted web components server backward compatibility entry for VM-SFB-FE01.skypefb.com</Info>
              <Info Time="2018-10-31 17:30:49Z">Created trusted service entry for type=McxInternal, port=5086, routable=True, gruuId=2d3a5b95-44a8-5cbf-af2f-d9f964b09ab0 and FQDN=VM-SFB-FE01.skypefb.com.</Info>
              <Info Time="2018-10-31 17:30:49Z">Created trusted service entry for type=McxExternal, port=5087, routable=True, gruuId=4618b12a-d19d-5895-b782-848cdc79ea22 and FQDN=VM-SFB-FE01.skypefb.com.</Info>
              <Info Time="2018-10-31 17:30:49Z">Created trusted service entry for type=UcwaInternal, port=5088, routable=True, gruuId=085706e2-3501-54f9-85b2-d71a9d883803 and FQDN=VM-SFB-FE01.skypefb.com.</Info>
              <Info Time="2018-10-31 17:30:49Z">Created trusted service entry for type=UcwaExternal, port=5089, routable=True, gruuId=83e4b6fb-ca77-53ae-bb85-1ab7b76c19b1 and FQDN=VM-SFB-FE01.skypefb.com.</Info>
              <Complete Time="2018-10-31 17:30:49Z" />
            </Action>
            <Complete Time="2018-10-31 17:30:49Z" />
          </Action>
          <Complete Time="2018-10-31 17:30:49Z" />
        </Action>
        <Complete Time="2018-10-31 17:30:49Z" />
      </Action>
      <Action Name="Cluster VM-SFB-EDGE01.skypefb.com" Time="2018-10-31 17:30:49Z">
        <Action Name="Activate Services for Cluster" Time="2018-10-31 17:30:49Z">
          <Action Name="EdgeServer:VM-SFB-EDGE01.skypefb.com" Time="2018-10-31 17:30:49Z">
            <Info Title="Role" Time="2018-10-31 17:30:49Z">EdgeServer:2</Info>
            <Info Time="2018-10-31 17:30:49Z">Requires setup: True</Info>
            <Action Name="Activate" Time="2018-10-31 17:30:49Z">
              <Info Time="2018-10-31 17:30:49Z">Creating Edge proxy backward compatibility entry for VM-SFB-EDGE01.skypefb.com</Info>
              <Info Time="2018-10-31 17:30:49Z">Adding server application "IIMFilter".</Info>
              <Info Time="2018-10-31 17:30:49Z">Adding server application "OptionsHandler".</Info>
              <Complete Time="2018-10-31 17:30:49Z" />
            </Action>
            <Action Name="DataEdge" Time="2018-10-31 17:30:49Z">
              <Complete Time="2018-10-31 17:30:49Z" />
            </Action>
            <Action Name="MediaRelayEdge" Time="2018-10-31 17:30:49Z">
              <Complete Time="2018-10-31 17:30:49Z" />
            </Action>
            <Action Name="Activate" Time="2018-10-31 17:30:49Z">
              <Info Time="2018-10-31 17:30:49Z">Created trusted service entry for type=MRAS, port=5062, routable=True, gruuId=dafa79d1-2d0c-583c-ab19-510c2985d813 and FQDN=VM-SFB-EDGE01.skypefb.com.</Info>
              <Complete Time="2018-10-31 17:30:49Z" />
            </Action>
            <Action Name="SkypeSearchProxy" Time="2018-10-31 17:30:49Z">
              <Complete Time="2018-10-31 17:30:49Z" />
            </Action>
            <Complete Time="2018-10-31 17:30:49Z" />
          </Action>
          <Action Name="ManagementServer:VM-SFB-EDGE01.skypefb.com" Time="2018-10-31 17:30:49Z">
            <Info Title="Role" Time="2018-10-31 17:30:49Z">ManagementServices:1</Info>
            <Info Time="2018-10-31 17:30:49Z">Requires setup: True</Info>
            <Complete Time="2018-10-31 17:30:49Z" />
          </Action>
          <Complete Time="2018-10-31 17:30:49Z" />
        </Action>
        <Action Name="Activate Computers for Cluster" Time="2018-10-31 17:30:49Z">
          <Action Name="Host VM-SFB-EDGE01.skypefb.com" Time="2018-10-31 17:30:49Z">
            <Action Name="Activate Host" Time="2018-10-31 17:30:49Z">
              <Info Time="2018-10-31 17:30:49Z">Skipping creation of Microsoft service control point (SCP) container for "VM-SFB-EDGE01.skypefb.com".</Info>
              <Complete Time="2018-10-31 17:30:49Z" />
            </Action>
            <Action Name="EdgeServer:VM-SFB-EDGE01.skypefb.com" Time="2018-10-31 17:30:49Z">
              <Info Title="Role" Time="2018-10-31 17:30:49Z">EdgeServer</Info>
              <Info Title="Host" Time="2018-10-31 17:30:49Z">VM-SFB-EDGE01.skypefb.com</Info>
              <Info Time="2018-10-31 17:30:49Z">Requires setup: True</Info>
              <Action Name="AccessEdge" Time="2018-10-31 17:30:49Z">
                <Info Title="Host" Time="2018-10-31 17:30:49Z">VM-SFB-EDGE01.skypefb.com</Info>
                <Info Time="2018-10-31 17:30:49Z">Requires setup: True</Info>
                <Complete Time="2018-10-31 17:30:49Z" />
              </Action>
              <Action Name="DataEdge" Time="2018-10-31 17:30:49Z">
                <Info Title="Host" Time="2018-10-31 17:30:49Z">VM-SFB-EDGE01.skypefb.com</Info>
                <Info Time="2018-10-31 17:30:49Z">Requires setup: True</Info>
                <Complete Time="2018-10-31 17:30:49Z" />
              </Action>
              <Action Name="MediaRelayEdge" Time="2018-10-31 17:30:49Z">
                <Info Title="Host" Time="2018-10-31 17:30:49Z">VM-SFB-EDGE01.skypefb.com</Info>
                <Info Time="2018-10-31 17:30:49Z">Requires setup: True</Info>
                <Complete Time="2018-10-31 17:30:49Z" />
              </Action>
              <Action Name="MediaRelayAuthenticationEdge" Time="2018-10-31 17:30:49Z">
                <Info Title="Host" Time="2018-10-31 17:30:49Z">VM-SFB-EDGE01.skypefb.com</Info>
                <Info Time="2018-10-31 17:30:49Z">Requires setup: True</Info>
                <Complete Time="2018-10-31 17:30:49Z" />
              </Action>
              <Action Name="SkypeSearchProxy" Time="2018-10-31 17:30:49Z">
                <Info Title="Host" Time="2018-10-31 17:30:49Z">VM-SFB-EDGE01.skypefb.com</Info>
                <Info Time="2018-10-31 17:30:49Z">Requires setup: True</Info>
                <Complete Time="2018-10-31 17:30:49Z" />
              </Action>
              <Complete Time="2018-10-31 17:30:49Z" />
            </Action>
            <Action Name="ManagementServer:VM-SFB-EDGE01.skypefb.com" Time="2018-10-31 17:30:49Z">
              <Info Title="Role" Time="2018-10-31 17:30:49Z">ManagementServices</Info>
              <Info Title="Host" Time="2018-10-31 17:30:49Z">VM-SFB-EDGE01.skypefb.com</Info>
              <Info Time="2018-10-31 17:30:49Z">Requires setup: True</Info>
              <Complete Time="2018-10-31 17:30:49Z" />
            </Action>
            <Complete Time="2018-10-31 17:30:49Z" />
          </Action>
          <Complete Time="2018-10-31 17:30:49Z" />
        </Action>
        <Complete Time="2018-10-31 17:30:49Z" />
      </Action>
      <Action Name="Cluster sbc1.skypefb.com" Time="2018-10-31 17:30:49Z">
        <Complete Time="2018-10-31 17:30:49Z" />
      </Action>
      <Complete Time="2018-10-31 17:30:49Z" />
    </Action>
    <Complete Time="2018-10-31 17:30:49Z" />
  </Action>
  <Info Title="Command Status" Time="2018-10-31 17:30:49Z">Command processing is complete.</Info>
  <Action Name="DeploymentXdsCmdlet.SaveCachedItems" Time="2018-10-31 17:30:49Z">
    <Info Time="2018-10-31 17:30:49Z">"3" updates</Info>
    <Info Title="write status" Time="2018-10-31 17:30:49Z">"[{urn:schema:Microsoft.Rtc.Management.Settings.ServerApplication.2008}ServerApplications,Host{00000000-0000-0000-0000-000000000000},Service]" status "Okay"</Info>
    <Info Title="write status" Time="2018-10-31 17:30:49Z">"[{urn:schema:Microsoft.Rtc.Management.Settings.PstnConf.2008}ConferenceDirectories,Host{00000000-0000-0000-0000-000000000000},Global]" status "Okay"</Info>
    <Info Title="write status" Time="2018-10-31 17:30:49Z">"[{urn:schema:Microsoft.Rtc.Management.Settings.CentralizedLoggingConfig.2012}CentralizedLoggingConfiguration,Host{00000000-0000-0000-0000-000000000000},Global]" status "Okay"</Info>
    <Complete Time="2018-10-31 17:30:49Z" />
  </Action>
  <Info Title="Command Status" Time="2018-10-31 17:30:49Z">Command run is complete.</Info>
</CsMgmtLog>