﻿<?xml version="1.0" encoding="utf-8"?>
<CsMgmtLog Name="Install-CSDatabase">
  <Info Title="Connection" Time="2018-10-31 17:34:15Z">Data Source=VM-SFB-FE01.skypefb.com\rtc;Initial Catalog=xds;Integrated Security=True;Application Name=Microsoft.Rtc.Management</Info>
  <Action Time="2018-10-31 17:34:15Z">
    <Info Time="2018-10-31 17:34:15Z">Root domain: skypefb.com.</Info>
    <Info Time="2018-10-31 17:34:15Z">Root domain: skypefb.com.</Info>
    <Info Time="2018-10-31 17:34:15Z">Filter: (&amp;((ObjectCategory Equal person)(ObjectClass Equal user)(Sid Equal S-1-5-21-1510050983-1476603476-4294013363-500)))</Info>
    <Info Time="2018-10-31 17:34:15Z">Found</Info>
    <Info Time="2018-10-31 17:34:15Z">User: CN=azuser,CN=Users,DC=skypefb,DC=com</Info>
    <Info Time="2018-10-31 17:34:15Z">Group security identifier (SID): S-1-5-21-1510050983-1476603476-4294013363-519</Info>
    <Info Time="2018-10-31 17:34:15Z">HasToken: True</Info>
    <Info Time="2018-10-31 17:34:15Z">Check Groups</Info>
    <Complete Time="2018-10-31 17:34:15Z" />
  </Action>
  <Info Time="2018-10-31 17:34:15Z">Found "RTCHSUniversalServices": True</Info>
  <Info Time="2018-10-31 17:34:16Z">Found "RTCUniversalServerAdmins": True</Info>
  <Info Time="2018-10-31 17:34:16Z">Found "RTCHSUniversalServices": True</Info>
  <Info Time="2018-10-31 17:34:16Z">Found "RTCHSUniversalServices": True</Info>
  <Info Time="2018-10-31 17:34:16Z">Found "RTCUniversalReadOnlyAdmins": True</Info>
  <Info Time="2018-10-31 17:34:16Z">Found "RTCComponentUniversalServices": True</Info>
  <Info Time="2018-10-31 17:34:16Z">Found "RTCUniversalServerAdmins": True</Info>
  <Info Time="2018-10-31 17:34:16Z">Found "RTCUniversalReadOnlyAdmins": True</Info>
  <Info Time="2018-10-31 17:34:16Z">Found "RTCComponentUniversalServices": True</Info>
  <Info Time="2018-10-31 17:34:16Z">Found "RTCUniversalServerAdmins": True</Info>
  <Info Time="2018-10-31 17:34:16Z">Found "RTCUniversalReadOnlyAdmins": True</Info>
  <Error Title="SqlConnectionFailure" Time="2018-10-31 17:34:30Z">Failed to connect to SQL Server</Error>
  <Exception Type="DbSetupSqlServiceNotInstalledException" Time="2018-10-31 17:34:30Z" Message="Failed to find SQL Service. Make sure that SQL Server service (instance name lynclocal) is installed in machine VM-SFB-FE01.skypefb.com">
    <StackTrace Time="2018-10-31 17:34:30Z">   at Microsoft.Rtc.Common.Data.DbUtils.GetSqlServerStatus(IServer sqlServer)
   at Microsoft.Rtc.Common.Data.DbUtils.StartSqlServer(IServer sqlServer, Action`2 log)
   at Microsoft.Rtc.Common.Data.DbSetupBase.ConnectSqlServer(IServer server)
   at Microsoft.Rtc.Common.Data.DbSetupBase.Initialize(Dictionary`2 parameters, IDatabaseManager dbManager, IServer server)
   at Microsoft.Rtc.Common.Data.DbSetupBase..ctor(Dictionary`2 parameters, Action`2 log, IDatabaseManager dbManager, IServer server)
   at Microsoft.Rtc.Common.Data.LyssDatabase..ctor(Dictionary`2 parameters, Action`2 log)</StackTrace>
  </Exception>
  <Info Title="SqlConnectionFailure" Time="2018-10-31 17:34:30Z">Failed to connect to the SQL server VM-SFB-FE01.skypefb.com\lynclocal.</Info>
  <Info Title="SqlConnectionFailureResolution" Time="2018-10-31 17:34:30Z">Make sure that SQL Server is running and you have enough rights to connect to the server.</Info>
  <Error Title="SqlConnectionFailure" Time="2018-10-31 17:34:45Z">Failed to connect to SQL Server</Error>
  <Exception Type="DbSetupSqlServiceNotInstalledException" Time="2018-10-31 17:34:45Z" Message="Failed to find SQL Service. Make sure that SQL Server service (instance name lynclocal) is installed in machine VM-SFB-FE01.skypefb.com">
    <StackTrace Time="2018-10-31 17:34:45Z">   at Microsoft.Rtc.Common.Data.DbUtils.GetSqlServerStatus(IServer sqlServer)
   at Microsoft.Rtc.Common.Data.DbUtils.StartSqlServer(IServer sqlServer, Action`2 log)
   at Microsoft.Rtc.Common.Data.DbSetupBase.ConnectSqlServer(IServer server)
   at Microsoft.Rtc.Common.Data.DbSetupBase.Initialize(Dictionary`2 parameters, IDatabaseManager dbManager, IServer server)
   at Microsoft.Rtc.Common.Data.DbSetupBase..ctor(Dictionary`2 parameters, Action`2 log, IDatabaseManager dbManager, IServer server)
   at Microsoft.Rtc.Common.Data.LyssDatabase..ctor(Dictionary`2 parameters, Action`2 log)</StackTrace>
  </Exception>
  <Info Title="SqlConnectionFailure" Time="2018-10-31 17:34:45Z">Failed to connect to the SQL server VM-SFB-FE01.skypefb.com\lynclocal.</Info>
  <Info Title="SqlConnectionFailureResolution" Time="2018-10-31 17:34:45Z">Make sure that SQL Server is running and you have enough rights to connect to the server.</Info>
  <Action Name="InstallDatabaseCmdlet.CreateDatabaseForFeature" Time="2018-10-31 17:34:45Z">
    <Info Title="Feature" Time="2018-10-31 17:34:45Z">BackendStore</Info>
    <Info Title="SQL Instance" Time="2018-10-31 17:34:45Z">VM-SFB-FE01.skypefb.com\rtc</Info>
    <Info Title="Collocated" Time="2018-10-31 17:34:45Z">True</Info>
    <Info Time="2018-10-31 17:34:45Z">Found "RTCHSUniversalServices": True</Info>
    <Info Time="2018-10-31 17:34:45Z">Found "RTCUniversalServerAdmins": True</Info>
    <Info Time="2018-10-31 17:34:45Z">Found "RTCHSUniversalServices": True</Info>
    <Info Time="2018-10-31 17:34:45Z">Found "RTCHSUniversalServices": True</Info>
    <Info Time="2018-10-31 17:34:45Z">Found "RTCUniversalReadOnlyAdmins": True</Info>
    <Info Time="2018-10-31 17:37:29Z">Found "RTCHSUniversalServices": True</Info>
    <Info Time="2018-10-31 17:37:29Z">Found "RTCUniversalServerAdmins": True</Info>
    <Info Title="Log file" Time="2018-10-31 17:37:37Z">C:\Users\azuser\AppData\Local\Temp\Create-BackendStore-VM-SFB-FE01.skypefb.com_rtc-[2018_10_31][17_34_45].log</Info>
    <Complete Time="2018-10-31 17:37:37Z" />
  </Action>
  <Action Name="InstallDatabaseCmdlet.CreateDatabaseForFeature" Time="2018-10-31 17:37:37Z">
    <Info Title="Feature" Time="2018-10-31 17:37:37Z">ABSStore</Info>
    <Info Title="SQL Instance" Time="2018-10-31 17:37:37Z">VM-SFB-FE01.skypefb.com\rtc</Info>
    <Info Title="Collocated" Time="2018-10-31 17:37:37Z">True</Info>
    <Info Time="2018-10-31 17:37:37Z">Found "RTCComponentUniversalServices": True</Info>
    <Info Time="2018-10-31 17:37:37Z">Found "RTCUniversalServerAdmins": True</Info>
    <Info Time="2018-10-31 17:37:37Z">Found "RTCUniversalReadOnlyAdmins": True</Info>
    <Info Title="Log file" Time="2018-10-31 17:37:49Z">C:\Users\azuser\AppData\Local\Temp\Create-ABSStore-VM-SFB-FE01.skypefb.com_rtc-[2018_10_31][17_37_37].log</Info>
    <Complete Time="2018-10-31 17:37:49Z" />
  </Action>
  <Action Name="InstallDatabaseCmdlet.CreateDatabaseForFeature" Time="2018-10-31 17:37:49Z">
    <Info Title="Feature" Time="2018-10-31 17:37:49Z">ApplicationStore</Info>
    <Info Title="SQL Instance" Time="2018-10-31 17:37:49Z">VM-SFB-FE01.skypefb.com\rtc</Info>
    <Info Title="Collocated" Time="2018-10-31 17:37:49Z">True</Info>
    <Info Time="2018-10-31 17:37:49Z">Found "RTCComponentUniversalServices": True</Info>
    <Info Time="2018-10-31 17:37:49Z">Found "RTCUniversalServerAdmins": True</Info>
    <Info Time="2018-10-31 17:37:49Z">Found "RTCUniversalReadOnlyAdmins": True</Info>
    <Warning Time="2018-10-31 17:37:52Z">Setting SQL Server Show Advanced Options to 1</Warning>
    <Warning Time="2018-10-31 17:37:52Z">Setting SQL Server Recover Interval to 5 mins</Warning>
    <Info Time="2018-10-31 17:37:55Z">Found "RTCComponentUniversalServices": True</Info>
    <Info Time="2018-10-31 17:37:55Z">Found "RTCUniversalServerAdmins": True</Info>
    <Info Time="2018-10-31 17:37:55Z">Found "RTCUniversalReadOnlyAdmins": True</Info>
    <Warning Time="2018-10-31 17:38:00Z">Setting SQL Server Show Advanced Options to 1</Warning>
    <Warning Time="2018-10-31 17:38:00Z">Setting SQL Server Recover Interval to 5 mins.</Warning>
    <Info Time="2018-10-31 17:38:01Z">Found "RTCComponentUniversalServices": True</Info>
    <Info Time="2018-10-31 17:38:01Z">Found "RTCUniversalServerAdmins": True</Info>
    <Info Time="2018-10-31 17:38:01Z">Found "RTCUniversalReadOnlyAdmins": True</Info>
    <Warning Time="2018-10-31 17:38:05Z">Setting SQL Server Show Advanced Options to 1</Warning>
    <Warning Time="2018-10-31 17:38:05Z">Setting SQL Server Recover Interval to 5 mins.</Warning>
    <Info Title="Log file" Time="2018-10-31 17:38:07Z">C:\Users\azuser\AppData\Local\Temp\Create-ApplicationStore-VM-SFB-FE01.skypefb.com_rtc-[2018_10_31][17_37_49].log</Info>
    <Complete Time="2018-10-31 17:38:07Z" />
  </Action>
  <Action Name="InstallDatabaseCmdlet.CreateDatabaseForFeature" Time="2018-10-31 17:38:07Z">
    <Info Title="Feature" Time="2018-10-31 17:38:07Z">CentralMgmtStore</Info>
    <Info Title="SQL Instance" Time="2018-10-31 17:38:07Z">VM-SFB-FE01.skypefb.com\rtc</Info>
    <Info Title="Collocated" Time="2018-10-31 17:38:07Z">True</Info>
    <Info Time="2018-10-31 17:38:07Z">Found "RTCUniversalServerAdmins": True</Info>
    <Info Time="2018-10-31 17:38:07Z">Found "RTCUniversalConfigReplicator": True</Info>
    <Info Time="2018-10-31 17:38:07Z">Found "RTCUniversalReadOnlyAdmins": True</Info>
    <Info Time="2018-10-31 17:38:07Z">Found "RTCUniversalServerAdmins": True</Info>
    <Info Time="2018-10-31 17:38:07Z">Found "RTCUniversalReadOnlyAdmins": True</Info>
    <Info Title="Log file" Time="2018-10-31 17:38:08Z">C:\Users\azuser\AppData\Local\Temp\Create-CentralMgmtStore-VM-SFB-FE01.skypefb.com_rtc-[2018_10_31][17_38_07].log</Info>
    <Complete Time="2018-10-31 17:38:08Z" />
  </Action>
  <Action Name="InstallDatabaseCmdlet.CreateDatabaseForFeature" Time="2018-10-31 17:38:08Z">
    <Info Title="Feature" Time="2018-10-31 17:38:08Z">RtcDatabaseStore</Info>
    <Info Title="SQL Instance" Time="2018-10-31 17:38:08Z">VM-SFB-FE01.skypefb.com\rtclocal</Info>
    <Info Title="Collocated" Time="2018-10-31 17:38:08Z">True</Info>
    <Warning Time="2018-10-31 17:41:25Z">Setting SQL Server Show Advanced Options to 1</Warning>
    <Warning Time="2018-10-31 17:41:25Z">Setting SQL Server Recover Interval to 5 mins.</Warning>
    <Warning Time="2018-10-31 17:41:54Z">Setting SQL Server Show Advanced Options to 1</Warning>
    <Warning Time="2018-10-31 17:41:54Z">Setting SQL Server Recover Interval to 5 mins.</Warning>
    <Info Title="Log file" Time="2018-10-31 17:41:54Z">C:\Users\azuser\AppData\Local\Temp\Create-RtcDatabaseStore-VM-SFB-FE01.skypefb.com_rtclocal-[2018_10_31][17_38_08].log</Info>
    <Complete Time="2018-10-31 17:41:54Z" />
  </Action>
  <Action Name="InstallDatabaseCmdlet.CreateDatabaseForFeature" Time="2018-10-31 17:41:54Z">
    <Info Title="Feature" Time="2018-10-31 17:41:54Z">LyssStore</Info>
    <Info Title="SQL Instance" Time="2018-10-31 17:41:54Z">VM-SFB-FE01.skypefb.com\lynclocal</Info>
    <Info Title="Collocated" Time="2018-10-31 17:41:54Z">True</Info>
    <Error Title="SqlConnectionFailure" Time="2018-10-31 17:42:08Z">Failed to connect to SQL Server</Error>
    <Exception Type="DbSetupSqlServiceNotInstalledException" Time="2018-10-31 17:42:08Z" Message="Failed to find SQL Service. Make sure that SQL Server service (instance name lynclocal) is installed in machine VM-SFB-FE01.skypefb.com">
      <StackTrace Time="2018-10-31 17:42:08Z">   at Microsoft.Rtc.Common.Data.DbUtils.GetSqlServerStatus(IServer sqlServer)
   at Microsoft.Rtc.Common.Data.DbUtils.StartSqlServer(IServer sqlServer, Action`2 log)
   at Microsoft.Rtc.Common.Data.DbSetupBase.ConnectSqlServer(IServer server)
   at Microsoft.Rtc.Common.Data.DbSetupBase.Initialize(Dictionary`2 parameters, IDatabaseManager dbManager, IServer server)
   at Microsoft.Rtc.Common.Data.DbSetupBase..ctor(Dictionary`2 parameters, Action`2 log, IDatabaseManager dbManager, IServer server)
   at Microsoft.Rtc.Common.Data.LyssDatabase..ctor(Dictionary`2 parameters, Action`2 log)</StackTrace>
    </Exception>
    <Info Title="SqlConnectionFailure" Time="2018-10-31 17:42:08Z">Failed to connect to the SQL server VM-SFB-FE01.skypefb.com\lynclocal.</Info>
    <Info Title="SqlConnectionFailureResolution" Time="2018-10-31 17:42:08Z">Make sure that SQL Server is running and you have enough rights to connect to the server.</Info>
    <Info Title="Log file" Time="2018-10-31 17:42:08Z">C:\Users\azuser\AppData\Local\Temp\Create-LyssStore-VM-SFB-FE01.skypefb.com_lynclocal-[2018_10_31][17_41_54].log</Info>
    <Complete Time="2018-10-31 17:42:08Z" />
  </Action>
  <Action Name="InstallDatabaseCmdlet.CreateDatabaseForFeature" Time="2018-10-31 17:42:08Z">
    <Info Title="Feature" Time="2018-10-31 17:42:08Z">LyssStore</Info>
    <Info Title="SQL Instance" Time="2018-10-31 17:42:08Z">VM-SFB-FE01.skypefb.com\lynclocal</Info>
    <Info Title="Collocated" Time="2018-10-31 17:42:08Z">True</Info>
    <Error Title="SqlConnectionFailure" Time="2018-10-31 17:42:08Z">Failed to connect to SQL Server</Error>
    <Exception Type="DbSetupSqlServiceNotInstalledException" Time="2018-10-31 17:42:08Z" Message="Failed to find SQL Service. Make sure that SQL Server service (instance name lynclocal) is installed in machine VM-SFB-FE01.skypefb.com">
      <StackTrace Time="2018-10-31 17:42:08Z">   at Microsoft.Rtc.Common.Data.DbUtils.GetSqlServerStatus(IServer sqlServer)
   at Microsoft.Rtc.Common.Data.DbUtils.StartSqlServer(IServer sqlServer, Action`2 log)
   at Microsoft.Rtc.Common.Data.DbSetupBase.ConnectSqlServer(IServer server)
   at Microsoft.Rtc.Common.Data.DbSetupBase.Initialize(Dictionary`2 parameters, IDatabaseManager dbManager, IServer server)
   at Microsoft.Rtc.Common.Data.DbSetupBase..ctor(Dictionary`2 parameters, Action`2 log, IDatabaseManager dbManager, IServer server)
   at Microsoft.Rtc.Common.Data.LyssDatabase..ctor(Dictionary`2 parameters, Action`2 log)</StackTrace>
    </Exception>
    <Info Title="SqlConnectionFailure" Time="2018-10-31 17:42:08Z">Failed to connect to the SQL server VM-SFB-FE01.skypefb.com\lynclocal.</Info>
    <Info Title="SqlConnectionFailureResolution" Time="2018-10-31 17:42:08Z">Make sure that SQL Server is running and you have enough rights to connect to the server.</Info>
    <Info Title="Log file" Time="2018-10-31 17:42:08Z">C:\Users\azuser\AppData\Local\Temp\Create-LyssStore-VM-SFB-FE01.skypefb.com_lynclocal-[2018_10_31][17_42_08].log</Info>
    <Complete Time="2018-10-31 17:42:08Z" />
  </Action>
  <Info Title="Command Status" Time="2018-10-31 17:42:08Z">Command processing is complete.</Info>
  <Action Name="DeploymentXdsCmdlet.SaveCachedItems" Time="2018-10-31 17:42:08Z">
    <Info Time="2018-10-31 17:42:08Z">"0" updates</Info>
    <Complete Time="2018-10-31 17:42:08Z" />
  </Action>
  <Info Title="Command Status" Time="2018-10-31 17:42:08Z">Command run is complete.</Info>
</CsMgmtLog>