﻿<?xml version="1.0" encoding="utf-8"?>
<CsMgmtLog Name="Start-CSwindowsService">
  <Action Name="Start Services" Time="2018-10-31 17:33:58Z">
    <Info Title="Name" Time="2018-10-31 17:33:58Z">vm-sfb-fe01.skypefb.com</Info>
    <Action Name="Replica" Time="2018-10-31 17:33:58Z">
      <Info Time="2018-10-31 17:33:58Z">Service start requested "Skype for Business Server Replica Replicator Agent (Replica)".</Info>
      <Info Time="2018-10-31 17:33:58Z">Waiting for service operation to complete.</Info>
      <Info Time="2018-10-31 17:33:59Z">Service start complete "Skype for Business Server Replica Replicator Agent (Replica)".</Info>
      <Complete Time="2018-10-31 17:33:59Z" />
    </Action>
    <Complete Time="2018-10-31 17:33:59Z" />
  </Action>
  <Info Title="Command Status" Time="2018-10-31 17:33:59Z">Command processing is complete.</Info>
  <Info Title="Command Status" Time="2018-10-31 17:33:59Z">Command run is complete.</Info>
</CsMgmtLog>