﻿<?xml version="1.0" encoding="utf-8"?>
<CsMgmtLog Name="Enable-CsComputer">
  <Info Title="Connection" Time="2018-10-31 17:42:10Z">Data Source=(local)\rtclocal;Initial Catalog=xds;Integrated Security=True;Application Name=Microsoft.Rtc.Management</Info>
  <Action Time="2018-10-31 17:42:10Z">
    <Info Title="Name" Time="2018-10-31 17:42:10Z">vm-sfb-fe01.skypefb.com</Info>
    <Action Name="Activate Host" Time="2018-10-31 17:42:10Z">
      <Info Time="2018-10-31 17:42:10Z">Found "RTCUniversalServerAdmins": True</Info>
      <Info Time="2018-10-31 17:42:12Z">"RTCUniversalServerAdmins" added to "RTC Local Administrators".</Info>
      <Info Time="2018-10-31 17:42:12Z">Found "RTCUniversalUserAdmins": True</Info>
      <Info Time="2018-10-31 17:42:12Z">"RTCUniversalUserAdmins" added to "RTC Local User Administrators".</Info>
      <Info Time="2018-10-31 17:42:12Z">Found "RTCUniversalReadOnlyAdmins": True</Info>
      <Info Time="2018-10-31 17:42:12Z">"RTCUniversalReadOnlyAdmins" added to "RTC Local Read-only Administrators".</Info>
      <Complete Time="2018-10-31 17:42:12Z" />
    </Action>
    <Action Name="Registrar:VM-SFB-FE01.skypefb.com" Time="2018-10-31 17:42:12Z">
      <Info Title="Role" Time="2018-10-31 17:42:12Z">Registrar</Info>
      <Info Title="Host" Time="2018-10-31 17:42:12Z">VM-SFB-FE01.skypefb.com</Info>
      <Info Time="2018-10-31 17:42:12Z">"CS TCP135" added to firewall exception list.</Info>
      <Exception Type="InvalidOperationException" Time="2018-10-31 17:42:12Z" Message="Service RTCSRV was not found on computer 'VM-SFB-FE01'.">
        <StackTrace Time="2018-10-31 17:42:12Z">   at System.ServiceProcess.ServiceController.GenerateNames()
   at System.ServiceProcess.ServiceController.get_ServiceName()
   at System.ServiceProcess.ServiceController.GetServiceHandle(Int32 desiredAccess)
   at System.ServiceProcess.ServiceController.get_ServiceHandle()
   at Microsoft.Rtc.Management.Deployment.Core.NTService.set_Mode(StartMode value)
   at Microsoft.Rtc.Management.Deployment.Roles.ActivationDriver.LocalActivateNTServices(BaseDef baseDef, DeploymentContext context, String machineName)
   at Microsoft.Rtc.Management.Deployment.Roles.ActivationDriver.LocalActivateGroupsAndService(BaseDef baseDef, DeploymentContext context, String machineName)
   at Microsoft.Rtc.Management.Deployment.Roles.ActivationDriver.LocalActivate(BaseDef baseDef, DeploymentContext context, Computer computer)
   at Microsoft.Rtc.Management.Deployment.Core.TopologyRole.LocalActivate(IService service, Computer computer)
   at Microsoft.Rtc.Management.Deployment.Roles.WinFabTopologyRole.LocalActivate(IService service, Computer computer)
   at Microsoft.Rtc.Management.Deployment.Core.Service.LocalActivate(Computer computer)
   at Microsoft.Rtc.Management.Internal.Utilities.LogWriter.InvokeAndLog[T](Action`1 action, T arg)</StackTrace>
        <Exception Type="Win32Exception" Time="2018-10-31 17:42:12Z" Message="The specified service does not exist as an installed service">
          <StackTrace Time="2018-10-31 17:42:12Z" />
        </Exception>
      </Exception>
      <Complete Time="2018-10-31 17:42:12Z" />
    </Action>
    <Exception Type="InvalidOperationException" Time="2018-10-31 17:42:12Z" Message="Service RTCSRV was not found on computer 'VM-SFB-FE01'.">
      <StackTrace Time="2018-10-31 17:42:12Z">   at System.ServiceProcess.ServiceController.GenerateNames()
   at System.ServiceProcess.ServiceController.get_ServiceName()
   at System.ServiceProcess.ServiceController.GetServiceHandle(Int32 desiredAccess)
   at System.ServiceProcess.ServiceController.get_ServiceHandle()
   at Microsoft.Rtc.Management.Deployment.Core.NTService.set_Mode(StartMode value)
   at Microsoft.Rtc.Management.Deployment.Roles.ActivationDriver.LocalActivateNTServices(BaseDef baseDef, DeploymentContext context, String machineName)
   at Microsoft.Rtc.Management.Deployment.Roles.ActivationDriver.LocalActivateGroupsAndService(BaseDef baseDef, DeploymentContext context, String machineName)
   at Microsoft.Rtc.Management.Deployment.Roles.ActivationDriver.LocalActivate(BaseDef baseDef, DeploymentContext context, Computer computer)
   at Microsoft.Rtc.Management.Deployment.Core.TopologyRole.LocalActivate(IService service, Computer computer)
   at Microsoft.Rtc.Management.Deployment.Roles.WinFabTopologyRole.LocalActivate(IService service, Computer computer)
   at Microsoft.Rtc.Management.Deployment.Core.Service.LocalActivate(Computer computer)
   at Microsoft.Rtc.Management.Internal.Utilities.LogWriter.InvokeAndLog[T](Action`1 action, T arg)
   at Microsoft.Rtc.Management.Common.Reporting.LogWriterImpl.InvokeAndLog[T](Action`1 action, T arg)
   at Microsoft.Rtc.Management.Deployment.Tasks.HostLocalActivateTask.Action()
   at Microsoft.Rtc.Management.Internal.Utilities.LogWriter.InvokeAndLog(Action action)</StackTrace>
      <Exception Type="Win32Exception" Time="2018-10-31 17:42:12Z" Message="The specified service does not exist as an installed service">
        <StackTrace Time="2018-10-31 17:42:12Z" />
      </Exception>
    </Exception>
    <Complete Time="2018-10-31 17:42:12Z" />
  </Action>
  <Error Title="Error" Time="2018-10-31 17:42:12Z">An error occurred: "System.InvalidOperationException" "Service RTCSRV was not found on computer 'VM-SFB-FE01'."</Error>
  <Exception Type="InvalidOperationException" Time="2018-10-31 17:42:12Z" Message="Service RTCSRV was not found on computer 'VM-SFB-FE01'.">
    <StackTrace Time="2018-10-31 17:42:12Z">   at System.ServiceProcess.ServiceController.GenerateNames()
   at System.ServiceProcess.ServiceController.get_ServiceName()
   at System.ServiceProcess.ServiceController.GetServiceHandle(Int32 desiredAccess)
   at System.ServiceProcess.ServiceController.get_ServiceHandle()
   at Microsoft.Rtc.Management.Deployment.Core.NTService.set_Mode(StartMode value)
   at Microsoft.Rtc.Management.Deployment.Roles.ActivationDriver.LocalActivateNTServices(BaseDef baseDef, DeploymentContext context, String machineName)
   at Microsoft.Rtc.Management.Deployment.Roles.ActivationDriver.LocalActivateGroupsAndService(BaseDef baseDef, DeploymentContext context, String machineName)
   at Microsoft.Rtc.Management.Deployment.Roles.ActivationDriver.LocalActivate(BaseDef baseDef, DeploymentContext context, Computer computer)
   at Microsoft.Rtc.Management.Deployment.Core.TopologyRole.LocalActivate(IService service, Computer computer)
   at Microsoft.Rtc.Management.Deployment.Roles.WinFabTopologyRole.LocalActivate(IService service, Computer computer)
   at Microsoft.Rtc.Management.Deployment.Core.Service.LocalActivate(Computer computer)
   at Microsoft.Rtc.Management.Internal.Utilities.LogWriter.InvokeAndLog[T](Action`1 action, T arg)
   at Microsoft.Rtc.Management.Common.Reporting.LogWriterImpl.InvokeAndLog[T](Action`1 action, T arg)
   at Microsoft.Rtc.Management.Deployment.Tasks.HostLocalActivateTask.Action()
   at Microsoft.Rtc.Management.Internal.Utilities.LogWriter.InvokeAndLog(Action action)
   at Microsoft.Rtc.Management.Common.Reporting.LogWriterImpl.InvokeAndLog(Action action)
   at Microsoft.Rtc.Management.Deployment.ActivateMachineCmdlet.InternalProcessRecord()
   at Microsoft.Rtc.Management.Deployment.DeploymentCmdlet.CmdletProcessRecord()</StackTrace>
    <Exception Type="Win32Exception" Time="2018-10-31 17:42:12Z" Message="The specified service does not exist as an installed service">
      <StackTrace Time="2018-10-31 17:42:12Z" />
    </Exception>
  </Exception>
</CsMgmtLog>