﻿<?xml version="1.0" encoding="utf-8"?>
<CsMgmtLog Name="Request-CsCertificate">
  <Info Title="Connection" Time="2018-10-31 17:42:13Z">Data Source=VM-SFB-FE01.skypefb.com\rtc;Initial Catalog=xds;Integrated Security=True;Application Name=Microsoft.Rtc.Management</Info>
  <Action Time="2018-10-31 17:42:13Z">
    <Info Time="2018-10-31 17:42:13Z">Certificate use: Default,WebServicesInternal,WebServicesExternal</Info>
    <Info Time="2018-10-31 17:42:13Z">Subject distinguished name (DN): CN="VM-SFB-FE01.skypefb.com"</Info>
    <Info Time="2018-10-31 17:42:13Z">Subject alternative name: sip.skypefb.com,VM-SFB-FE01.skypefb.com,dialin.skypefb.com,meet.skypefb.com,admin.skypefb.com,LyncdiscoverInternal.skypefb.com,webext.skypefb.com,Lyncdiscover.skypefb.com</Info>
    <Info Time="2018-10-31 17:42:13Z">Certificate request submitted to certification authority (CA) "VM-SFB-AD01.skypefb.com\skypefb.com-CA".</Info>
    <Info Time="2018-10-31 17:42:13Z">Certificate issued successfully.</Info>
    <Info Time="2018-10-31 17:42:13Z">Certificate was imported with the thumbprint "74B882AA84BE06A3AA22FAE90117A67F7336A44B".</Info>
    <Info Time="2018-10-31 17:42:13Z">Issued thumbprint "74B882AA84BE06A3AA22FAE90117A67F7336A44B" for use "Default,WebServicesInternal,WebServicesExternal" by "VM-SFB-AD01.skypefb.com\skypefb.com-CA".</Info>
    <Complete Time="2018-10-31 17:42:13Z" />
  </Action>
  <Info Title="Output" Time="2018-10-31 17:42:13Z">
Issuer		: CN=skypefb.com-CA, DC=skypefb, DC=com
NotAfter 	: 10/30/2020 5:32:13 PM
NotBefore 	: 10/31/2018 5:32:13 PM
SerialNumber 	: 1C00000003EC5BAE69356403C8000000000003
Subject 	: CN=VM-SFB-FE01.skypefb.com
AlternativeNames: sip.skypefb.com,VM-SFB-FE01.skypefb.com,dialin.skypefb.com,meet.skypefb.com,admin.skypefb.com,LyncdiscoverInternal.skypefb.com,webext.skypefb.com,Lyncdiscover.skypefb.com
Thumbprint 	: 74B882AA84BE06A3AA22FAE90117A67F7336A44B
EffectiveDate 	: 
PreviousThumbprint: 
UpdateTime 	: 
Use 		: Default,WebServicesInternal,WebServicesExternal
SourceScope 	: 
</Info>
  <Info Title="Command Status" Time="2018-10-31 17:42:13Z">Command processing is complete.</Info>
  <Action Name="DeploymentXdsCmdlet.SaveCachedItems" Time="2018-10-31 17:42:13Z">
    <Info Time="2018-10-31 17:42:13Z">"0" updates</Info>
    <Complete Time="2018-10-31 17:42:13Z" />
  </Action>
  <Info Title="Command Status" Time="2018-10-31 17:42:13Z">Command run is complete.</Info>
</CsMgmtLog>