﻿<?xml version="1.0" encoding="utf-8"?>
<CsMgmtLog Name="Request-CsCertificate">
  <Info Title="Connection" Time="2018-10-31 17:42:14Z">Data Source=VM-SFB-FE01.skypefb.com\rtc;Initial Catalog=xds;Integrated Security=True;Application Name=Microsoft.Rtc.Management</Info>
  <Action Time="2018-10-31 17:42:14Z">
    <Info Time="2018-10-31 17:42:14Z">Certificate use: OAuthTokenIssuer</Info>
    <Info Time="2018-10-31 17:42:14Z">Subject distinguished name (DN): CN="skypefb.com"</Info>
    <Info Time="2018-10-31 17:42:14Z">Subject alternative name: VM-SFB-FE01.skypefb.com,skypefb.com</Info>
    <Info Time="2018-10-31 17:42:14Z">Certificate request submitted to certification authority (CA) "VM-SFB-AD01.skypefb.com\skypefb.com-CA".</Info>
    <Info Time="2018-10-31 17:42:14Z">Certificate issued successfully.</Info>
    <Info Time="2018-10-31 17:42:14Z">Certificate was imported with the thumbprint "0EA414EAD9ED508C1A4543F321C2AB52424904E2".</Info>
    <Info Time="2018-10-31 17:42:14Z">Issued thumbprint "0EA414EAD9ED508C1A4543F321C2AB52424904E2" for use "OAuthTokenIssuer" by "VM-SFB-AD01.skypefb.com\skypefb.com-CA".</Info>
    <Complete Time="2018-10-31 17:42:14Z" />
  </Action>
  <Info Title="Output" Time="2018-10-31 17:42:14Z">
Issuer		: CN=skypefb.com-CA, DC=skypefb, DC=com
NotAfter 	: 10/30/2020 5:32:14 PM
NotBefore 	: 10/31/2018 5:32:14 PM
SerialNumber 	: 1C00000004FC5A9E6C7400CE35000000000004
Subject 	: CN=skypefb.com
AlternativeNames: VM-SFB-FE01.skypefb.com,skypefb.com
Thumbprint 	: 0EA414EAD9ED508C1A4543F321C2AB52424904E2
EffectiveDate 	: 
PreviousThumbprint: 
UpdateTime 	: 
Use 		: OAuthTokenIssuer
SourceScope 	: 
</Info>
  <Info Title="Command Status" Time="2018-10-31 17:42:14Z">Command processing is complete.</Info>
  <Action Name="DeploymentXdsCmdlet.SaveCachedItems" Time="2018-10-31 17:42:14Z">
    <Info Time="2018-10-31 17:42:14Z">"0" updates</Info>
    <Complete Time="2018-10-31 17:42:14Z" />
  </Action>
  <Info Title="Command Status" Time="2018-10-31 17:42:14Z">Command run is complete.</Info>
</CsMgmtLog>