﻿<?xml version="1.0" encoding="utf-8"?>
<CsMgmtLog Name="Set-CsCertificate">
  <Info Title="Connection" Time="2018-10-31 17:42:14Z">Data Source=(local)\rtclocal;Initial Catalog=xds;Integrated Security=True;Application Name=Microsoft.Rtc.Management</Info>
  <Action Name="Set Certificate" Time="2018-10-31 17:42:14Z">
    <Info Time="2018-10-31 17:42:14Z">The subject name of certificate "74B882AA84BE06A3AA22FAE90117A67F7336A44B" is "VM-SFB-FE01.skypefb.com" and the computed subject name is "VM-SFB-FE01.skypefb.com".</Info>
    <Info Time="2018-10-31 17:42:14Z">The subject alternative names of certificate "74B882AA84BE06A3AA22FAE90117A67F7336A44B" are "sip.skypefb.com,VM-SFB-FE01.skypefb.com,dialin.skypefb.com,meet.skypefb.com,admin.skypefb.com,LyncdiscoverInternal.skypefb.com,webext.skypefb.com,Lyncdiscover.skypefb.com" and the computed subject alternative names are "VM-SFB-FE01.skypefb.com,dialin.skypefb.com,meet.skypefb.com,admin.skypefb.com,LyncdiscoverInternal.skypefb.com,webext.skypefb.com,Lyncdiscover.skypefb.com".</Info>
    <Info Time="2018-10-31 17:42:14Z">Certificate not found for the usage type "Default".</Info>
    <Info Time="2018-10-31 17:42:14Z">Private key file path: C:\ProgramData\Microsoft\Crypto\RSA\MachineKeys\df8c3f9d75a845b3b1510b1617529b66_caced89a-2112-466b-bfa8-2a3ab10efbe4</Info>
    <Info Time="2018-10-31 17:42:14Z">Found "RTC Server Local Group": True</Info>
    <Info Time="2018-10-31 17:42:14Z">Access control list (ACL) was added.</Info>
    <Info Time="2018-10-31 17:42:14Z">"Read" permissions for "RTC Server Local Group" on "Certificate store".</Info>
    <Info Time="2018-10-31 17:42:14Z">Found "RTC Local User Administrators": True</Info>
    <Info Time="2018-10-31 17:42:14Z">Access control list (ACL) was added.</Info>
    <Info Time="2018-10-31 17:42:14Z">"Read" permissions for "RTC Local User Administrators" on "Certificate store".</Info>
    <Info Time="2018-10-31 17:42:14Z">Found "RTC Local Read-only Administrators": True</Info>
    <Info Time="2018-10-31 17:42:14Z">Access control list (ACL) was added.</Info>
    <Info Time="2018-10-31 17:42:14Z">"Read" permissions for "RTC Local Read-only Administrators" on "Certificate store".</Info>
    <Info Time="2018-10-31 17:42:14Z">Found "NETWORK SERVICE": True</Info>
    <Info Time="2018-10-31 17:42:14Z">Access control list (ACL) was added.</Info>
    <Info Time="2018-10-31 17:42:14Z">"Read" permissions for "NetworkService" on "Certificate store".</Info>
    <Info Time="2018-10-31 17:42:14Z">Certificate "74B882AA84BE06A3AA22FAE90117A67F7336A44B" has been added to the local data store with the usage type "Default".</Info>
    <Info Time="2018-10-31 17:42:16Z">Command "netsh http add sslcert ipport=[::]:444 certhash=74B882AA84BE06A3AA22FAE90117A67F7336A44B appid={00000000-0000-0000-0000-000000000000} usagecheck=disable clientcertnegotiation=enable verifyrevocationwithcachedclientcertonly=enable" returned "0".</Info>
    <Info Time="2018-10-31 17:42:16Z">The following certificate was assigned for the type "Default":</Info>
    <Info Time="2018-10-31 17:42:16Z">Default: 74B882AA84BE06A3AA22FAE90117A67F7336A44B VM-SFB-FE01.skypefb.com 10/30/2020 CN=skypefb.com-CA, DC=skypefb, DC=com 1C00000003EC5BAE69356403C8000000000003</Info>
    <Info Time="2018-10-31 17:42:16Z">Certificate not found for the usage type "WebServicesInternal".</Info>
    <Info Time="2018-10-31 17:42:16Z">Private key file path: C:\ProgramData\Microsoft\Crypto\RSA\MachineKeys\df8c3f9d75a845b3b1510b1617529b66_caced89a-2112-466b-bfa8-2a3ab10efbe4</Info>
    <Info Time="2018-10-31 17:42:16Z">Found "RTC Server Local Group": True</Info>
    <Info Time="2018-10-31 17:42:16Z">Access control list (ACL) was added.</Info>
    <Info Time="2018-10-31 17:42:16Z">"Read" permissions for "RTC Server Local Group" on "Certificate store".</Info>
    <Info Time="2018-10-31 17:42:16Z">Found "RTC Local User Administrators": True</Info>
    <Info Time="2018-10-31 17:42:16Z">Access control list (ACL) was added.</Info>
    <Info Time="2018-10-31 17:42:16Z">"Read" permissions for "RTC Local User Administrators" on "Certificate store".</Info>
    <Info Time="2018-10-31 17:42:16Z">Found "RTC Local Read-only Administrators": True</Info>
    <Info Time="2018-10-31 17:42:16Z">Access control list (ACL) was added.</Info>
    <Info Time="2018-10-31 17:42:16Z">"Read" permissions for "RTC Local Read-only Administrators" on "Certificate store".</Info>
    <Info Time="2018-10-31 17:42:16Z">Found "NETWORK SERVICE": True</Info>
    <Info Time="2018-10-31 17:42:16Z">Access control list (ACL) was added.</Info>
    <Info Time="2018-10-31 17:42:16Z">"Read" permissions for "NetworkService" on "Certificate store".</Info>
    <Info Time="2018-10-31 17:42:16Z">Certificate "74B882AA84BE06A3AA22FAE90117A67F7336A44B" has been added to the local data store with the usage type "WebServicesInternal".</Info>
    <Exception Type="InvalidOperationException" Time="2018-10-31 17:42:16Z" Message="Https binding not found on the website.">
      <StackTrace Time="2018-10-31 17:42:16Z">   at Microsoft.Rtc.Management.Deployment.Core.Certificate.BindCertiticate(X509Certificate2 cert, Int64 siteId, Boolean addBinding)
   at Microsoft.Rtc.Management.Deployment.Core.Certificate.SetCertificate(CertificateData certData)
   at Microsoft.Rtc.Management.Deployment.Core.Certificate.SetCertificate(String thumbprint, Nullable`1 effectiveTime, Boolean isRoll)
   at Microsoft.Rtc.Management.Deployment.Tasks.SetCertificateTask.Action()
   at Microsoft.Rtc.Management.Internal.Utilities.LogWriter.InvokeAndLog(Action action)</StackTrace>
    </Exception>
    <Complete Time="2018-10-31 17:42:16Z" />
  </Action>
  <Error Title="Error" Time="2018-10-31 17:42:16Z">An error occurred: "System.InvalidOperationException" "Https binding not found on the website."</Error>
  <Exception Type="InvalidOperationException" Time="2018-10-31 17:42:16Z" Message="Https binding not found on the website.">
    <StackTrace Time="2018-10-31 17:42:16Z">   at Microsoft.Rtc.Management.Deployment.Core.Certificate.BindCertiticate(X509Certificate2 cert, Int64 siteId, Boolean addBinding)
   at Microsoft.Rtc.Management.Deployment.Core.Certificate.SetCertificate(CertificateData certData)
   at Microsoft.Rtc.Management.Deployment.Core.Certificate.SetCertificate(String thumbprint, Nullable`1 effectiveTime, Boolean isRoll)
   at Microsoft.Rtc.Management.Deployment.Tasks.SetCertificateTask.Action()
   at Microsoft.Rtc.Management.Internal.Utilities.LogWriter.InvokeAndLog(Action action)
   at Microsoft.Rtc.Management.Common.Reporting.LogWriterImpl.InvokeAndLog(Action action)
   at Microsoft.Rtc.Management.Deployment.SetCertificateCmdlet.InternalProcessRecord()
   at Microsoft.Rtc.Management.Deployment.DeploymentCmdlet.CmdletProcessRecord()</StackTrace>
  </Exception>
</CsMgmtLog>