﻿<?xml version="1.0" encoding="utf-8"?>
<CsMgmtLog Name="Set-CsCertificate">
  <Info Title="Connection" Time="2018-10-31 17:42:16Z">Data Source=(local)\rtclocal;Initial Catalog=xds;Integrated Security=True;Application Name=Microsoft.Rtc.Management</Info>
  <Action Name="Set Certificate" Time="2018-10-31 17:42:16Z">
    <Info Time="2018-10-31 17:42:16Z">Skip certificate subject and alternative name validation for the type OAuthTokenIssuer.</Info>
    <Info Time="2018-10-31 17:42:16Z">Certificate not found for the usage type "OAuthTokenIssuer".</Info>
    <Info Time="2018-10-31 17:42:16Z">Private key file path: C:\ProgramData\Microsoft\Crypto\RSA\MachineKeys\8f4b6511c3594496df44f11d3d8028fa_caced89a-2112-466b-bfa8-2a3ab10efbe4</Info>
    <Info Time="2018-10-31 17:42:16Z">Found "RTC Server Local Group": True</Info>
    <Info Time="2018-10-31 17:42:16Z">Access control list (ACL) was added.</Info>
    <Info Time="2018-10-31 17:42:16Z">"Read" permissions for "RTC Server Local Group" on "Certificate store".</Info>
    <Info Time="2018-10-31 17:42:16Z">Found "RTC Local User Administrators": True</Info>
    <Info Time="2018-10-31 17:42:16Z">Access control list (ACL) was added.</Info>
    <Info Time="2018-10-31 17:42:16Z">"Read" permissions for "RTC Local User Administrators" on "Certificate store".</Info>
    <Info Time="2018-10-31 17:42:16Z">Found "RTC Local Read-only Administrators": True</Info>
    <Info Time="2018-10-31 17:42:16Z">Access control list (ACL) was added.</Info>
    <Info Time="2018-10-31 17:42:16Z">"Read" permissions for "RTC Local Read-only Administrators" on "Certificate store".</Info>
    <Info Time="2018-10-31 17:42:16Z">Found "NETWORK SERVICE": True</Info>
    <Info Time="2018-10-31 17:42:16Z">Access control list (ACL) was added.</Info>
    <Info Time="2018-10-31 17:42:16Z">"Read" permissions for "NetworkService" on "Certificate store".</Info>
    <Info Time="2018-10-31 17:42:16Z">Certificate "0EA414EAD9ED508C1A4543F321C2AB52424904E2" has been added to the local data store with the usage type "OAuthTokenIssuer".</Info>
    <Info Time="2018-10-31 17:42:16Z">The following certificate was assigned for the type "OAuthTokenIssuer":</Info>
    <Info Time="2018-10-31 17:42:16Z">OAuthTokenIssuer: 0EA414EAD9ED508C1A4543F321C2AB52424904E2 skypefb.com 10/30/2020 CN=skypefb.com-CA, DC=skypefb, DC=com 1C00000004FC5A9E6C7400CE35000000000004</Info>
    <Complete Time="2018-10-31 17:42:16Z" />
  </Action>
  <Info Title="Command Status" Time="2018-10-31 17:42:16Z">Command processing is complete.</Info>
  <Action Name="DeploymentXdsCmdlet.SaveCachedItems" Time="2018-10-31 17:42:16Z">
    <Info Time="2018-10-31 17:42:16Z">"1" updates</Info>
    <Info Title="write status" Time="2018-10-31 17:42:16Z">"[{urn:schema:Microsoft.Rtc.Management.Settings.Certificates.2008}Certificates,Host{00000000-0000-0000-0000-000000000000},Global]" status "Okay"</Info>
    <Complete Time="2018-10-31 17:42:16Z" />
  </Action>
  <Info Title="Command Status" Time="2018-10-31 17:42:16Z">Command run is complete.</Info>
</CsMgmtLog>