﻿<?xml version="1.0" encoding="utf-8"?>
<CsMgmtLog Name="Start-CSWindowsService">
  <Action Name="Start Services" Time="2018-10-31 17:42:17Z">
    <Info Title="Name" Time="2018-10-31 17:42:17Z">vm-sfb-fe01.skypefb.com</Info>
    <Action Name="W3SVC" Time="2018-10-31 17:42:17Z">
      <Complete Time="2018-10-31 17:42:17Z" />
    </Action>
    <Action Name="REPLICA" Time="2018-10-31 17:42:17Z">
      <Complete Time="2018-10-31 17:42:17Z" />
    </Action>
    <Action Name="RTCCLSAGT" Time="2018-10-31 17:42:17Z">
      <Info Time="2018-10-31 17:42:17Z">Service start requested "Skype for Business Server Centralized Logging Service Agent (RTCCLSAGT)".</Info>
      <Complete Time="2018-10-31 17:42:17Z" />
    </Action>
    <Complete Time="2018-10-31 17:42:17Z" />
  </Action>
  <Info Title="Command Status" Time="2018-10-31 17:42:17Z">Command processing is complete.</Info>
  <Info Title="Command Status" Time="2018-10-31 17:42:17Z">Command run is complete.</Info>
</CsMgmtLog>