﻿<?xml version="1.0" encoding="utf-8"?>
<CsMgmtLog Name="Enable-CsReplica">
  <Action Time="2018-10-31 18:24:08Z">
    <Action Name="Activate" Time="2018-10-31 18:24:08Z">
      <Info Title="Role" Time="2018-10-31 18:24:08Z">Replica</Info>
      <Info Time="2018-10-31 18:24:08Z">"CS TCP445" added to firewall exception list.</Info>
      <Info Time="2018-10-31 18:24:08Z">"CS TCP50001" added to firewall exception list.</Info>
      <Info Time="2018-10-31 18:24:08Z">"CS TCP50002" added to firewall exception list.</Info>
      <Info Time="2018-10-31 18:24:08Z">"CS TCP50003" added to firewall exception list.</Info>
      <Info Time="2018-10-31 18:24:08Z">Changing service failure actions flag of service "REPLICA" to "True".</Info>
      <Info Time="2018-10-31 18:24:08Z">"CS REPLICA" added to firewall exception list.</Info>
      <Info Time="2018-10-31 18:24:08Z">Service ID type of service "REPLICA": "Unrestricted"</Info>
      <Info Time="2018-10-31 18:24:08Z">Changing service failure actions flag of service "RTCCLSAGT" to "True".</Info>
      <Info Time="2018-10-31 18:24:08Z">"CS RTCCLSAGT" added to firewall exception list.</Info>
      <Info Time="2018-10-31 18:24:08Z">Service ID type of service "RTCCLSAGT": "None"</Info>
      <Info Time="2018-10-31 18:24:08Z">Changing service ID type of service "RTCCLSAGT" to "Unrestricted"</Info>
      <Info Time="2018-10-31 18:24:13Z">"Replica" added to "RTC Local Config Replicator".</Info>
      <Info Time="2018-10-31 18:24:18Z">"RTCCLSAGT" added to "RTC Component Local Group".</Info>
      <Info Time="2018-10-31 18:24:20Z">Writing activation key for Replica to registry</Info>
      <Complete Time="2018-10-31 18:24:20Z" />
    </Action>
    <Complete Time="2018-10-31 18:24:20Z" />
  </Action>
  <Info Title="Command Status" Time="2018-10-31 18:24:21Z">Command processing is complete.</Info>
  <Info Title="Command Status" Time="2018-10-31 18:24:21Z">Command run is complete.</Info>
</CsMgmtLog>