﻿<?xml version="1.0" encoding="utf-8"?>
<CsMgmtLog Name="Install-CSDatabase">
  <Info Title="Connection" Time="2018-10-31 18:24:24Z">Data Source=(local)\rtclocal;Initial Catalog=xds;Integrated Security=True;Application Name=Microsoft.Rtc.Management</Info>
  <Action Name="InstallDatabaseCmdlet.CreateDatabaseForFeature" Time="2018-10-31 18:24:25Z">
    <Info Title="Feature" Time="2018-10-31 18:24:25Z">RtcDatabaseStore</Info>
    <Info Title="SQL Instance" Time="2018-10-31 18:24:25Z">VM-SFB-EDGE01.skypefb.com\rtclocal</Info>
    <Info Title="Collocated" Time="2018-10-31 18:24:25Z">True</Info>
    <Warning Time="2018-10-31 18:28:10Z">Setting SQL Server Show Advanced Options to 1</Warning>
    <Warning Time="2018-10-31 18:28:10Z">Setting SQL Server Recover Interval to 5 mins.</Warning>
    <Warning Time="2018-10-31 18:28:43Z">Setting SQL Server Show Advanced Options to 1</Warning>
    <Warning Time="2018-10-31 18:28:43Z">Setting SQL Server Recover Interval to 5 mins.</Warning>
    <Info Title="Log file" Time="2018-10-31 18:28:43Z">C:\Windows\TEMP\Create-RtcDatabaseStore-VM-SFB-EDGE01.skypefb.com_rtclocal-[2018_10_31][18_24_25].log</Info>
    <Complete Time="2018-10-31 18:28:43Z" />
  </Action>
  <Info Title="Command Status" Time="2018-10-31 18:28:43Z">Command processing is complete.</Info>
  <Action Name="DeploymentXdsCmdlet.SaveCachedItems" Time="2018-10-31 18:28:43Z">
    <Info Time="2018-10-31 18:28:43Z">"0" updates</Info>
    <Complete Time="2018-10-31 18:28:43Z" />
  </Action>
  <Info Title="Command Status" Time="2018-10-31 18:28:43Z">Command run is complete.</Info>
</CsMgmtLog>