﻿<?xml version="1.0" encoding="utf-8"?>
<CsMgmtLog Name="Start-CSwindowsService">
  <Action Name="Start Services" Time="2018-10-31 18:24:22Z">
    <Info Title="Name" Time="2018-10-31 18:24:22Z">vm-sfb-edge01.skypefb.com</Info>
    <Action Name="Replica" Time="2018-10-31 18:24:22Z">
      <Info Time="2018-10-31 18:24:22Z">Service start requested "Skype for Business Server Replica Replicator Agent (Replica)".</Info>
      <Info Time="2018-10-31 18:24:22Z">Waiting for service operation to complete.</Info>
      <Info Time="2018-10-31 18:24:24Z">Service start complete "Skype for Business Server Replica Replicator Agent (Replica)".</Info>
      <Complete Time="2018-10-31 18:24:24Z" />
    </Action>
    <Complete Time="2018-10-31 18:24:24Z" />
  </Action>
  <Info Title="Command Status" Time="2018-10-31 18:24:24Z">Command processing is complete.</Info>
  <Info Title="Command Status" Time="2018-10-31 18:24:24Z">Command run is complete.</Info>
</CsMgmtLog>