﻿<?xml version="1.0" encoding="utf-8"?>
<CsMgmtLog Name="Enable-CsComputer">
  <Info Title="Connection" Time="2018-10-31 18:34:01Z">Data Source=(local)\rtclocal;Initial Catalog=xds;Integrated Security=True;Application Name=Microsoft.Rtc.Management</Info>
  <Action Time="2018-10-31 18:34:01Z">
    <Info Title="Name" Time="2018-10-31 18:34:01Z">vm-sfb-edge01.skypefb.com</Info>
    <Info Time="2018-10-31 18:34:01Z">Discovered installed role EdgeServer of version 2</Info>
    <Info Time="2018-10-31 18:34:01Z">Discovered installed role ManagementServices of version 1</Info>
    <Action Name="Activate Host" Time="2018-10-31 18:34:01Z">
      <Complete Time="2018-10-31 18:34:01Z" />
    </Action>
    <Action Name="EdgeServer:VM-SFB-EDGE01.skypefb.com" Time="2018-10-31 18:34:01Z">
      <Info Title="Role" Time="2018-10-31 18:34:01Z">EdgeServer</Info>
      <Info Title="Host" Time="2018-10-31 18:34:01Z">VM-SFB-EDGE01.skypefb.com</Info>
      <Info Time="2018-10-31 18:34:01Z">Writing activation key for EdgeServer to registry</Info>
      <Action Name="AccessEdge" Time="2018-10-31 18:34:01Z">
        <Info Title="Host" Time="2018-10-31 18:34:01Z">VM-SFB-EDGE01.skypefb.com</Info>
        <Info Time="2018-10-31 18:34:01Z">Changing service failure actions flag of service "RTCSRV" to "True".</Info>
        <Info Time="2018-10-31 18:34:01Z">"CS RTCSRV" is already in the firewall exception list.</Info>
        <Info Time="2018-10-31 18:34:01Z">Service ID type of service "RTCSRV": "Unrestricted"</Info>
        <Info Time="2018-10-31 18:34:01Z">"CS RTCHOST" is already in the firewall exception list.</Info>
        <Info Time="2018-10-31 18:34:01Z">"CS LYSS" is already in the firewall exception list.</Info>
        <Info Time="2018-10-31 18:34:01Z">"CS LYSS1" is already in the firewall exception list.</Info>
        <Info Time="2018-10-31 18:34:06Z">"RTCSRV" added to "RTC Server Local Group".</Info>
        <Complete Time="2018-10-31 18:34:06Z" />
      </Action>
      <Action Name="DataEdge" Time="2018-10-31 18:34:06Z">
        <Info Title="Host" Time="2018-10-31 18:34:06Z">VM-SFB-EDGE01.skypefb.com</Info>
        <Info Time="2018-10-31 18:34:06Z">Changing service failure actions flag of service "RTCDATAPROXY" to "True".</Info>
        <Info Time="2018-10-31 18:34:06Z">"CS RTCDATAPROXY" is already in the firewall exception list.</Info>
        <Info Time="2018-10-31 18:34:06Z">Service ID type of service "RTCDATAPROXY": "Unrestricted"</Info>
        <Info Time="2018-10-31 18:34:06Z">"RTCDATAPROXY" added to "RTC Server Local Group".</Info>
        <Complete Time="2018-10-31 18:34:06Z" />
      </Action>
      <Action Name="MediaRelayEdge" Time="2018-10-31 18:34:06Z">
        <Info Title="Host" Time="2018-10-31 18:34:06Z">VM-SFB-EDGE01.skypefb.com</Info>
        <Info Time="2018-10-31 18:34:06Z">Changing service failure actions flag of service "RTCMEDIARELAY" to "True".</Info>
        <Info Time="2018-10-31 18:34:06Z">"CS RTCMEDIARELAY" is already in the firewall exception list.</Info>
        <Info Time="2018-10-31 18:34:06Z">Service ID type of service "RTCMEDIARELAY": "Unrestricted"</Info>
        <Info Time="2018-10-31 18:34:06Z">"RTCMEDIARELAY" added to "RTC Server Local Group".</Info>
        <Info Time="2018-10-31 18:34:06Z">Found "RTC Server Local Group": True</Info>
        <Info Time="2018-10-31 18:34:06Z">"RTC Server Local Group" added to "SYSTEM\CurrentControlSet\Services\RTCMRDrv": True.</Info>
        <Info Time="2018-10-31 18:34:06Z">Found "RTC Server Local Group": True</Info>
        <Info Time="2018-10-31 18:34:06Z">"RTC Server Local Group" added to "SYSTEM\CurrentControlSet\Services\RTCMRDrv\Parameters": True.</Info>
        <Info Time="2018-10-31 18:34:06Z">Found "RTC Server Local Group": True</Info>
        <Info Time="2018-10-31 18:34:06Z">"RTC Server Local Group" added to "SYSTEM\CurrentControlSet\Services\RTCMRDrv\Security": True.</Info>
        <Info Time="2018-10-31 18:34:06Z">Found "RTC Server Local Group": True</Info>
        <Info Time="2018-10-31 18:34:06Z">Access control list (ACL) was added.</Info>
        <Info Title="Acl" Time="2018-10-31 18:34:06Z">"Modify" permissions for "RTC Server Local Group" on "RTCMRDrv".</Info>
        <Complete Time="2018-10-31 18:34:06Z" />
      </Action>
      <Action Name="MediaRelayAuthenticationEdge" Time="2018-10-31 18:34:06Z">
        <Info Title="Host" Time="2018-10-31 18:34:06Z">VM-SFB-EDGE01.skypefb.com</Info>
        <Info Time="2018-10-31 18:34:06Z">Changing service failure actions flag of service "RTCMRAUTH" to "True".</Info>
        <Info Time="2018-10-31 18:34:06Z">"CS RTCMRAUTH" is already in the firewall exception list.</Info>
        <Info Time="2018-10-31 18:34:06Z">Service ID type of service "RTCMRAUTH": "Unrestricted"</Info>
        <Info Time="2018-10-31 18:34:06Z">"RTCMRAUTH" added to "RTC Server Local Group".</Info>
        <Complete Time="2018-10-31 18:34:06Z" />
      </Action>
      <Action Name="Activate for Host" Time="2018-10-31 18:34:06Z">
        <Info Title="Host" Time="2018-10-31 18:34:06Z">VM-SFB-EDGE01.skypefb.com</Info>
        <Complete Time="2018-10-31 18:34:06Z" />
      </Action>
      <Info Time="2018-10-31 18:34:06Z">"CS TCP4443 10.0.0.8" is already in the firewall exception list.</Info>
      <Complete Time="2018-10-31 18:34:06Z" />
    </Action>
    <Action Name="ManagementServer:VM-SFB-EDGE01.skypefb.com" Time="2018-10-31 18:34:06Z">
      <Info Title="Role" Time="2018-10-31 18:34:06Z">ManagementServices</Info>
      <Info Title="Host" Time="2018-10-31 18:34:06Z">VM-SFB-EDGE01.skypefb.com</Info>
      <Info Time="2018-10-31 18:34:06Z">Writing activation key for ManagementServices to registry</Info>
      <Info Time="2018-10-31 18:34:06Z">"CS TCP4443" is already in the firewall exception list.</Info>
      <Complete Time="2018-10-31 18:34:06Z" />
    </Action>
    <Complete Time="2018-10-31 18:34:06Z" />
  </Action>
  <Info Title="Command Status" Time="2018-10-31 18:34:06Z">Command processing is complete.</Info>
  <Action Name="DeploymentXdsCmdlet.SaveCachedItems" Time="2018-10-31 18:34:06Z">
    <Info Time="2018-10-31 18:34:06Z">"0" updates</Info>
    <Complete Time="2018-10-31 18:34:06Z" />
  </Action>
  <Info Title="Command Status" Time="2018-10-31 18:34:06Z">Command run is complete.</Info>
</CsMgmtLog>