﻿<?xml version="1.0" encoding="utf-8"?>
<CsMgmtLog Name="Request-CsCertificate">
  <Info Title="Connection" Time="2018-10-31 18:34:18Z">Data Source=(local)\rtclocal;Initial Catalog=xds;Integrated Security=True;Application Name=Microsoft.Rtc.Management</Info>
  <Action Time="2018-10-31 18:34:19Z">
    <Info Time="2018-10-31 18:34:19Z">Certificate use: Internal</Info>
    <Info Time="2018-10-31 18:34:19Z">Subject distinguished name (DN): CN="VM-SFB-EDGE01.skypefb.com"</Info>
    <Info Time="2018-10-31 18:34:20Z">Certificate request submitted to certification authority (CA) "VM-SFB-AD01.skypefb.com\skypefb.com-CA".</Info>
    <Info Time="2018-10-31 18:34:20Z">Certificate issued successfully.</Info>
    <Info Time="2018-10-31 18:34:20Z">Certificate was imported with the thumbprint "D4A74340D1EF6C0C52727CC9ABD06E025D64BAA0".</Info>
    <Info Time="2018-10-31 18:34:20Z">Issued thumbprint "D4A74340D1EF6C0C52727CC9ABD06E025D64BAA0" for use "Internal" by "VM-SFB-AD01.skypefb.com\skypefb.com-CA".</Info>
    <Complete Time="2018-10-31 18:34:20Z" />
  </Action>
  <Info Time="2018-10-31 18:34:20Z">RevocationStatusUnknown: The revocation function was unable to check revocation for the certificate.
</Info>
  <Info Time="2018-10-31 18:34:20Z">OfflineRevocation: The revocation function was unable to check revocation because the revocation server was offline.
</Info>
  <Info Time="2018-10-31 18:34:20Z">Revocation status unknown. Cannot contact the revocation server specified in certificate "D4A74340D1EF6C0C52727CC9ABD06E025D64BAA0" for the issuer "CN=skypefb.com-CA, DC=skypefb, DC=com".</Info>
  <Info Title="Output" Time="2018-10-31 18:34:20Z">
Issuer		: CN=skypefb.com-CA, DC=skypefb, DC=com
NotAfter 	: 10/30/2020 6:24:20 PM
NotBefore 	: 10/31/2018 6:24:20 PM
SerialNumber 	: 1C0000000531B83AA0F15C2F0C000000000005
Subject 	: CN=VM-SFB-EDGE01.skypefb.com
AlternativeNames: 
Thumbprint 	: D4A74340D1EF6C0C52727CC9ABD06E025D64BAA0
EffectiveDate 	: 
PreviousThumbprint: 
UpdateTime 	: 
Use 		: Internal
SourceScope 	: 
</Info>
  <Info Title="Command Status" Time="2018-10-31 18:34:20Z">Command processing is complete.</Info>
  <Action Name="DeploymentXdsCmdlet.SaveCachedItems" Time="2018-10-31 18:34:20Z">
    <Info Time="2018-10-31 18:34:20Z">"0" updates</Info>
    <Complete Time="2018-10-31 18:34:20Z" />
  </Action>
  <Info Title="Command Status" Time="2018-10-31 18:34:20Z">Command run is complete.</Info>
</CsMgmtLog>