﻿<?xml version="1.0" encoding="utf-8"?>
<CsMgmtLog Name="Set-CsCertificate">
  <Info Title="Connection" Time="2018-10-31 18:34:21Z">Data Source=(local)\rtclocal;Initial Catalog=xds;Integrated Security=True;Application Name=Microsoft.Rtc.Management</Info>
  <Action Name="Set Certificate" Time="2018-10-31 18:34:21Z">
    <Info Time="2018-10-31 18:34:21Z">RevocationStatusUnknown: The revocation function was unable to check revocation for the certificate.
</Info>
    <Info Time="2018-10-31 18:34:21Z">OfflineRevocation: The revocation function was unable to check revocation because the revocation server was offline.
</Info>
    <Info Time="2018-10-31 18:34:21Z">Revocation status unknown. Cannot contact the revocation server specified in certificate "D4A74340D1EF6C0C52727CC9ABD06E025D64BAA0" for the issuer "CN=skypefb.com-CA, DC=skypefb, DC=com".</Info>
    <Info Time="2018-10-31 18:34:21Z">The subject name of certificate "D4A74340D1EF6C0C52727CC9ABD06E025D64BAA0" is "VM-SFB-EDGE01.skypefb.com" and the computed subject name is "VM-SFB-EDGE01.skypefb.com".</Info>
    <Info Time="2018-10-31 18:34:21Z">The subject alternative names of certificate "D4A74340D1EF6C0C52727CC9ABD06E025D64BAA0" are "" and the computed subject alternative names are "".</Info>
    <Info Time="2018-10-31 18:34:21Z">Certificate not found for the usage type "Internal".</Info>
    <Info Time="2018-10-31 18:34:21Z">Private key file path: C:\ProgramData\Microsoft\Crypto\RSA\MachineKeys\c6bcb72955dfc5c938a3345b5a346750_39075a7e-194a-4969-9a4c-e8474f789f0a</Info>
    <Info Time="2018-10-31 18:34:26Z">Found "RTC Server Local Group": True</Info>
    <Info Time="2018-10-31 18:34:26Z">Access control list (ACL) was added.</Info>
    <Info Time="2018-10-31 18:34:26Z">"Read" permissions for "RTC Server Local Group" on "Certificate store".</Info>
    <Info Time="2018-10-31 18:34:31Z">Found "RTC Local User Administrators": True</Info>
    <Info Time="2018-10-31 18:34:31Z">Access control list (ACL) was added.</Info>
    <Info Time="2018-10-31 18:34:31Z">"Read" permissions for "RTC Local User Administrators" on "Certificate store".</Info>
    <Info Time="2018-10-31 18:34:35Z">Found "RTC Local Read-only Administrators": True</Info>
    <Info Time="2018-10-31 18:34:35Z">Access control list (ACL) was added.</Info>
    <Info Time="2018-10-31 18:34:35Z">"Read" permissions for "RTC Local Read-only Administrators" on "Certificate store".</Info>
    <Info Time="2018-10-31 18:34:35Z">Found "NETWORK SERVICE": True</Info>
    <Info Time="2018-10-31 18:34:35Z">Access control list (ACL) was added.</Info>
    <Info Time="2018-10-31 18:34:35Z">"Read" permissions for "NetworkService" on "Certificate store".</Info>
    <Info Time="2018-10-31 18:34:35Z">Certificate "D4A74340D1EF6C0C52727CC9ABD06E025D64BAA0" has been added to the local data store with the usage type "Internal".</Info>
    <Info Time="2018-10-31 18:34:37Z">Command "netsh http add sslcert ipport=[::]:444 certhash=D4A74340D1EF6C0C52727CC9ABD06E025D64BAA0 appid={00000000-0000-0000-0000-000000000000} usagecheck=disable clientcertnegotiation=enable verifyrevocationwithcachedclientcertonly=enable" returned "0".</Info>
    <Info Time="2018-10-31 18:34:37Z">Command "netsh http add sslcert ipport=[::]:4443 certhash=D4A74340D1EF6C0C52727CC9ABD06E025D64BAA0 appid={00000000-0000-0000-0000-000000000000} usagecheck=disable clientcertnegotiation=enable verifyclientcertrevocation=disable" returned "0".</Info>
    <Info Time="2018-10-31 18:34:38Z">Command "netsh http add urlacl url=https://+:4443/ReplicationWebService user="NT AUTHORITY\NETWORK SERVICE"" returned "0".</Info>
    <Info Time="2018-10-31 18:34:38Z">Command "netsh http add sslcert ipport=[::]:4443 certhash=D4A74340D1EF6C0C52727CC9ABD06E025D64BAA0 appid={00000000-0000-0000-0000-000000000000} usagecheck=disable clientcertnegotiation=enable verifyclientcertrevocation=disable" returned "0".</Info>
    <Info Time="2018-10-31 18:34:38Z">Command "netsh http add urlacl url=https://10.0.0.8:4443/LiveServer/SkypeSearchProxy/ user="NT AUTHORITY\NETWORK SERVICE"" returned "0".</Info>
    <Info Time="2018-10-31 18:34:38Z">The following certificate was assigned for the type "Internal":</Info>
    <Info Time="2018-10-31 18:34:38Z">Internal: D4A74340D1EF6C0C52727CC9ABD06E025D64BAA0 VM-SFB-EDGE01.skypefb.com 10/30/2020 CN=skypefb.com-CA, DC=skypefb, DC=com 1C0000000531B83AA0F15C2F0C000000000005</Info>
    <Complete Time="2018-10-31 18:34:38Z" />
  </Action>
  <Info Title="Command Status" Time="2018-10-31 18:34:38Z">Command processing is complete.</Info>
  <Action Name="DeploymentXdsCmdlet.SaveCachedItems" Time="2018-10-31 18:34:38Z">
    <Info Time="2018-10-31 18:34:38Z">"1" updates</Info>
    <Info Title="write status" Time="2018-10-31 18:34:38Z">"[{urn:schema:Microsoft.Rtc.Management.Settings.Certificates.2008}Certificates,Host{00000000-0000-0000-0000-000000000000},Global]" status "Okay"</Info>
    <Complete Time="2018-10-31 18:34:38Z" />
  </Action>
  <Info Title="Command Status" Time="2018-10-31 18:34:38Z">Command run is complete.</Info>
</CsMgmtLog>