﻿<?xml version="1.0" encoding="utf-8"?>
<CsMgmtLog Name="Set-CsCertificate">
  <Info Title="Connection" Time="2018-10-31 18:34:39Z">Data Source=(local)\rtclocal;Initial Catalog=xds;Integrated Security=True;Application Name=Microsoft.Rtc.Management</Info>
  <Action Name="Set Certificate" Time="2018-10-31 18:34:39Z">
    <Info Time="2018-10-31 18:34:39Z">RevocationStatusUnknown: The revocation function was unable to check revocation for the certificate.
</Info>
    <Info Time="2018-10-31 18:34:39Z">OfflineRevocation: The revocation function was unable to check revocation because the revocation server was offline.
</Info>
    <Info Time="2018-10-31 18:34:39Z">RevocationStatusUnknown: The revocation function was unable to check revocation for the certificate.
</Info>
    <Info Time="2018-10-31 18:34:39Z">OfflineRevocation: The revocation function was unable to check revocation because the revocation server was offline.
</Info>
    <Info Time="2018-10-31 18:34:39Z">Revocation status unknown. Cannot contact the revocation server specified in certificate "D6DC1E362B50A4A01B9310D569A41B177F3D4C47" for the issuer "CN=Let's Encrypt Authority X3, O=Let's Encrypt, C=US".</Info>
    <Warning Time="2018-10-31 18:34:39Z">The subject name "*.skypefb.com" of the certificate does not match the computer fully qualified domain name (FQDN) "sip.skypefb.com".</Warning>
    <Info Time="2018-10-31 18:34:39Z">The subject name of certificate "D6DC1E362B50A4A01B9310D569A41B177F3D4C47" is "*.skypefb.com" and the computed subject name is "sip.skypefb.com".</Info>
    <Info Time="2018-10-31 18:34:39Z">The subject alternative names of certificate "D6DC1E362B50A4A01B9310D569A41B177F3D4C47" are "*.skypefb.com" and the computed subject alternative names are "".</Info>
    <Info Time="2018-10-31 18:34:39Z">Certificate not found for the usage type "AccessEdgeExternal".</Info>
    <Info Time="2018-10-31 18:34:39Z">Private key file path: C:\ProgramData\Microsoft\Crypto\Keys\1a8fb0d51811351165463eb6ea27da5d_39075a7e-194a-4969-9a4c-e8474f789f0a</Info>
    <Info Time="2018-10-31 18:34:44Z">Found "RTC Server Local Group": True</Info>
    <Info Time="2018-10-31 18:34:44Z">Access control list (ACL) was added.</Info>
    <Info Time="2018-10-31 18:34:44Z">"Read" permissions for "RTC Server Local Group" on "Certificate store".</Info>
    <Info Time="2018-10-31 18:34:48Z">Found "RTC Local User Administrators": True</Info>
    <Info Time="2018-10-31 18:34:48Z">Access control list (ACL) was added.</Info>
    <Info Time="2018-10-31 18:34:48Z">"Read" permissions for "RTC Local User Administrators" on "Certificate store".</Info>
    <Info Time="2018-10-31 18:34:53Z">Found "RTC Local Read-only Administrators": True</Info>
    <Info Time="2018-10-31 18:34:53Z">Access control list (ACL) was added.</Info>
    <Info Time="2018-10-31 18:34:53Z">"Read" permissions for "RTC Local Read-only Administrators" on "Certificate store".</Info>
    <Info Time="2018-10-31 18:34:53Z">Found "NETWORK SERVICE": True</Info>
    <Info Time="2018-10-31 18:34:53Z">Access control list (ACL) was added.</Info>
    <Info Time="2018-10-31 18:34:53Z">"Read" permissions for "NetworkService" on "Certificate store".</Info>
    <Info Time="2018-10-31 18:34:53Z">Certificate "D6DC1E362B50A4A01B9310D569A41B177F3D4C47" has been added to the local data store with the usage type "AccessEdgeExternal".</Info>
    <Info Time="2018-10-31 18:34:53Z">The following certificate was assigned for the type "AccessEdgeExternal":</Info>
    <Info Time="2018-10-31 18:34:53Z">AccessEdgeExternal: D6DC1E362B50A4A01B9310D569A41B177F3D4C47 *.skypefb.com 11/20/2018 CN=Let's Encrypt Authority X3, O=Let's Encrypt, C=US 03FAB721A5E46B5E806B62110EC530663173</Info>
    <Info Time="2018-10-31 18:34:53Z">Certificate not found for the usage type "DataEdgeExternal".</Info>
    <Info Time="2018-10-31 18:34:53Z">Private key file path: C:\ProgramData\Microsoft\Crypto\Keys\1a8fb0d51811351165463eb6ea27da5d_39075a7e-194a-4969-9a4c-e8474f789f0a</Info>
    <Info Time="2018-10-31 18:34:53Z">Found "RTC Server Local Group": True</Info>
    <Info Time="2018-10-31 18:34:53Z">Access control list (ACL) was added.</Info>
    <Info Time="2018-10-31 18:34:53Z">"Read" permissions for "RTC Server Local Group" on "Certificate store".</Info>
    <Info Time="2018-10-31 18:34:53Z">Found "RTC Local User Administrators": True</Info>
    <Info Time="2018-10-31 18:34:53Z">Access control list (ACL) was added.</Info>
    <Info Time="2018-10-31 18:34:53Z">"Read" permissions for "RTC Local User Administrators" on "Certificate store".</Info>
    <Info Time="2018-10-31 18:34:53Z">Found "RTC Local Read-only Administrators": True</Info>
    <Info Time="2018-10-31 18:34:53Z">Access control list (ACL) was added.</Info>
    <Info Time="2018-10-31 18:34:53Z">"Read" permissions for "RTC Local Read-only Administrators" on "Certificate store".</Info>
    <Info Time="2018-10-31 18:34:53Z">Found "NETWORK SERVICE": True</Info>
    <Info Time="2018-10-31 18:34:53Z">Access control list (ACL) was added.</Info>
    <Info Time="2018-10-31 18:34:53Z">"Read" permissions for "NetworkService" on "Certificate store".</Info>
    <Info Time="2018-10-31 18:34:53Z">Certificate "D6DC1E362B50A4A01B9310D569A41B177F3D4C47" has been added to the local data store with the usage type "DataEdgeExternal".</Info>
    <Info Time="2018-10-31 18:34:53Z">The following certificate was assigned for the type "DataEdgeExternal":</Info>
    <Info Time="2018-10-31 18:34:53Z">DataEdgeExternal: D6DC1E362B50A4A01B9310D569A41B177F3D4C47 *.skypefb.com 11/20/2018 CN=Let's Encrypt Authority X3, O=Let's Encrypt, C=US 03FAB721A5E46B5E806B62110EC530663173</Info>
    <Info Time="2018-10-31 18:34:53Z">Certificate not found for the usage type "AudioVideoAuthentication".</Info>
    <Info Time="2018-10-31 18:34:53Z">Private key file path: C:\ProgramData\Microsoft\Crypto\Keys\1a8fb0d51811351165463eb6ea27da5d_39075a7e-194a-4969-9a4c-e8474f789f0a</Info>
    <Info Time="2018-10-31 18:34:53Z">Found "RTC Server Local Group": True</Info>
    <Info Time="2018-10-31 18:34:53Z">Access control list (ACL) was added.</Info>
    <Info Time="2018-10-31 18:34:53Z">"Read" permissions for "RTC Server Local Group" on "Certificate store".</Info>
    <Info Time="2018-10-31 18:34:53Z">Found "RTC Local User Administrators": True</Info>
    <Info Time="2018-10-31 18:34:53Z">Access control list (ACL) was added.</Info>
    <Info Time="2018-10-31 18:34:53Z">"Read" permissions for "RTC Local User Administrators" on "Certificate store".</Info>
    <Info Time="2018-10-31 18:34:53Z">Found "RTC Local Read-only Administrators": True</Info>
    <Info Time="2018-10-31 18:34:53Z">Access control list (ACL) was added.</Info>
    <Info Time="2018-10-31 18:34:53Z">"Read" permissions for "RTC Local Read-only Administrators" on "Certificate store".</Info>
    <Info Time="2018-10-31 18:34:53Z">Found "NETWORK SERVICE": True</Info>
    <Info Time="2018-10-31 18:34:53Z">Access control list (ACL) was added.</Info>
    <Info Time="2018-10-31 18:34:53Z">"Read" permissions for "NetworkService" on "Certificate store".</Info>
    <Info Time="2018-10-31 18:34:53Z">Certificate "D6DC1E362B50A4A01B9310D569A41B177F3D4C47" has been added to the local data store with the usage type "AudioVideoAuthentication".</Info>
    <Info Time="2018-10-31 18:34:53Z">The following certificate was assigned for the type "AudioVideoAuthentication":</Info>
    <Info Time="2018-10-31 18:34:53Z">AudioVideoAuthentication: D6DC1E362B50A4A01B9310D569A41B177F3D4C47 *.skypefb.com 11/20/2018 CN=Let's Encrypt Authority X3, O=Let's Encrypt, C=US 03FAB721A5E46B5E806B62110EC530663173</Info>
    <Complete Time="2018-10-31 18:34:53Z" />
  </Action>
  <Info Title="Command Status" Time="2018-10-31 18:34:53Z">Command processing is complete.</Info>
  <Action Name="DeploymentXdsCmdlet.SaveCachedItems" Time="2018-10-31 18:34:53Z">
    <Info Time="2018-10-31 18:34:53Z">"1" updates</Info>
    <Info Title="write status" Time="2018-10-31 18:34:53Z">"[{urn:schema:Microsoft.Rtc.Management.Settings.Certificates.2008}Certificates,Host{00000000-0000-0000-0000-000000000000},Global]" status "Okay"</Info>
    <Complete Time="2018-10-31 18:34:53Z" />
  </Action>
  <Info Title="Command Status" Time="2018-10-31 18:34:53Z">Command run is complete.</Info>
</CsMgmtLog>