﻿<?xml version="1.0" encoding="utf-8"?>
<CsMgmtLog Name="Start-CSWindowsService">
  <Action Name="Start Services" Time="2018-10-31 18:34:53Z">
    <Info Title="Name" Time="2018-10-31 18:34:53Z">vm-sfb-edge01.skypefb.com</Info>
    <Action Name="W3SVC" Time="2018-10-31 18:34:53Z">
      <Complete Time="2018-10-31 18:34:53Z" />
    </Action>
    <Action Name="REPLICA" Time="2018-10-31 18:34:53Z">
      <Complete Time="2018-10-31 18:34:53Z" />
    </Action>
    <Action Name="RTCCLSAGT" Time="2018-10-31 18:34:53Z">
      <Info Time="2018-10-31 18:34:53Z">Service start requested "Skype for Business Server Centralized Logging Service Agent (RTCCLSAGT)".</Info>
      <Complete Time="2018-10-31 18:34:54Z" />
    </Action>
    <Info Time="2018-10-31 18:34:54Z">Discovered installed role EdgeServer of version 2</Info>
    <Info Time="2018-10-31 18:34:54Z">Discovered installed role ManagementServices of version 1</Info>
    <Action Name="RTCSRV" Time="2018-10-31 18:34:54Z">
      <Info Time="2018-10-31 18:34:54Z">Service start requested "Skype for Business Server Access Edge (RTCSRV)".</Info>
      <Complete Time="2018-10-31 18:34:54Z" />
    </Action>
    <Action Name="RTCDATAPROXY" Time="2018-10-31 18:34:54Z">
      <Info Time="2018-10-31 18:34:54Z">Service start requested "Skype for Business Server Web Conferencing Edge (RTCDATAPROXY)".</Info>
      <Complete Time="2018-10-31 18:34:54Z" />
    </Action>
    <Action Name="RTCMRAUTH" Time="2018-10-31 18:34:54Z">
      <Info Time="2018-10-31 18:34:54Z">Service start requested "Skype for Business Server Audio/Video Authentication (RTCMRAUTH)".</Info>
      <Complete Time="2018-10-31 18:34:54Z" />
    </Action>
    <Action Name="RTCMEDIARELAY" Time="2018-10-31 18:34:54Z">
      <Info Time="2018-10-31 18:34:54Z">Service start requested "Skype for Business Server Audio/Video Edge (RTCMEDIARELAY)".</Info>
      <Error Title="ServiceStartFailed" Time="2018-10-31 18:35:03Z">Failed to start service.</Error>
      <Exception Type="InvalidOperationException" Time="2018-10-31 18:35:03Z" Message="Cannot start service RTCMEDIARELAY on computer 'vm-sfb-edge01.skypefb.com'.">
        <StackTrace Time="2018-10-31 18:35:03Z">   at System.ServiceProcess.ServiceController.Start(String[] args)
   at Microsoft.Rtc.Management.Deployment.Core.NTService.StartService()
   at Microsoft.Rtc.Management.Deployment.Core.NTService.Start(Boolean wait)</StackTrace>
        <Exception Type="Win32Exception" Time="2018-10-31 18:35:03Z" Message="The dependency service or group failed to start">
          <StackTrace Time="2018-10-31 18:35:03Z" />
        </Exception>
      </Exception>
      <Info Title="ServiceStartFailed" Time="2018-10-31 18:35:03Z">Service RTCMEDIARELAY failed to start. Check to make sure the service is not disabled. Failure to start could also be because this front end was previously failed over(using computer fail over), in which case please invoke fail back(using computer failback). Consult event logs for further details.</Info>
      <Info Title="ServiceStartFailedResolution" Time="2018-10-31 18:35:03Z">If starting the service failed because of a timeout, wait to see if the service eventually starts. Check eventlog for errors. Re-run the cmdlet or start the service manually.</Info>
      <Complete Time="2018-10-31 18:35:03Z" />
    </Action>
    <Complete Time="2018-10-31 18:35:03Z" />
  </Action>
  <Info Title="Command Status" Time="2018-10-31 18:35:03Z">Command processing is complete.</Info>
  <Info Title="Command Status" Time="2018-10-31 18:35:03Z">Command run is complete.</Info>
</CsMgmtLog>