﻿<?xml version="1.0" encoding="utf-8"?>
<CsMgmtLog Name="Install-CSAdServerSchema">
  <Action Name="Prepare Server Schema Active Directory extensions" Time="2018-11-01 16:37:52Z">
    <Info Time="2018-11-01 16:37:53Z">Root domain: skypefb.com.</Info>
    <Info Time="2018-11-01 16:37:53Z">Filter: (&amp;((ObjectCategory Equal person)(ObjectClass Equal user)(Sid Equal S-1-5-21-1499516121-342743321-1845606092-500)))</Info>
    <Info Time="2018-11-01 16:37:54Z">Found</Info>
    <Info Time="2018-11-01 16:37:54Z">User: CN=azuser,CN=Users,DC=skypefb,DC=com</Info>
    <Info Time="2018-11-01 16:37:54Z">Group security identifier (SID): S-1-5-21-1499516121-342743321-1845606092-518</Info>
    <Info Time="2018-11-01 16:37:54Z">HasToken: True</Info>
    <Info Time="2018-11-01 16:37:54Z">Schema version: Object "ms-RTC-SIP-SchemaVersion" does not exist.</Info>
    <Info Time="2018-11-01 16:37:54Z">Server schema version: SCHEMA_VERSION_STATE_MISSING</Info>
    <Info Time="2018-11-01 16:37:54Z">Schema version: SCHEMA_VERSION_STATE_MISSING</Info>
    <Info Time="2018-11-01 16:37:55Z">Command: ldifde.exe  -i -v -k -j "C:\Users\azuser.SKYPEFB\AppData\Local\Temp" -f "C:\Program Files\Skype for Business Server 2015\Deployment\Setup\ExternalSchema.ldf" -c DC=X "DC=skypefb,DC=com" -s VM-SFB-AD01.skypefb.com</Info>
    <Info Time="2018-11-01 16:37:57Z">Command: ldifde.exe  -i -v -k -j "C:\Users\azuser.SKYPEFB\AppData\Local\Temp" -f "C:\Program Files\Skype for Business Server 2015\Deployment\Setup\ServerSchema.ldf" -c DC=X "DC=skypefb,DC=com" -s VM-SFB-AD01.skypefb.com</Info>
    <Info Time="2018-11-01 16:38:08Z">Command: ldifde.exe  -i -v -k -j "C:\Users\azuser.SKYPEFB\AppData\Local\Temp" -f "C:\Program Files\Skype for Business Server 2015\Deployment\Setup\BackCompatSchema.ldf" -c DC=X "DC=skypefb,DC=com" -s VM-SFB-AD01.skypefb.com</Info>
    <Info Time="2018-11-01 16:38:27Z">Command: ldifde.exe  -i -v -k -j "C:\Users\azuser.SKYPEFB\AppData\Local\Temp" -f "C:\Program Files\Skype for Business Server 2015\Deployment\Setup\VersionSchema.ldf" -c DC=X "DC=skypefb,DC=com" -s VM-SFB-AD01.skypefb.com</Info>
    <Complete Time="2018-11-01 16:38:28Z" />
  </Action>
  <Info Title="Command Status" Time="2018-11-01 16:38:28Z">Command processing is complete.</Info>
  <Info Title="Command Status" Time="2018-11-01 16:38:28Z">Command run is complete.</Info>
</CsMgmtLog>