﻿<?xml version="1.0" encoding="utf-8"?>
<CsMgmtLog Name="Install-CsDatabase">
  <Action Time="2018-11-01 16:44:34Z">
    <Info Time="2018-11-01 16:44:34Z">Root domain: skypefb.com.</Info>
    <Info Time="2018-11-01 16:44:35Z">Root domain: skypefb.com.</Info>
    <Info Time="2018-11-01 16:44:35Z">Filter: (&amp;((ObjectCategory Equal person)(ObjectClass Equal user)(Sid Equal S-1-5-21-1499516121-342743321-1845606092-500)))</Info>
    <Info Time="2018-11-01 16:44:35Z">Found</Info>
    <Info Time="2018-11-01 16:44:35Z">User: CN=azuser,CN=Users,DC=skypefb,DC=com</Info>
    <Info Time="2018-11-01 16:44:35Z">Group security identifier (SID): S-1-5-21-1499516121-342743321-1845606092-519</Info>
    <Info Time="2018-11-01 16:44:35Z">HasToken: True</Info>
    <Info Time="2018-11-01 16:44:35Z">Check Groups</Info>
    <Complete Time="2018-11-01 16:44:35Z" />
  </Action>
  <Info Time="2018-11-01 16:44:35Z">Found "RTCUniversalServerAdmins": True</Info>
  <Info Time="2018-11-01 16:44:35Z">Found "RTCUniversalConfigReplicator": True</Info>
  <Info Time="2018-11-01 16:44:35Z">Found "RTCUniversalReadOnlyAdmins": True</Info>
  <Action Name="InstallDatabaseCmdlet.CreateDatabaseForFeature" Time="2018-11-01 16:44:36Z">
    <Info Title="Feature" Time="2018-11-01 16:44:36Z">CentralMgmtStore</Info>
    <Info Title="SQL Instance" Time="2018-11-01 16:44:36Z">VM-SFB-FE01.skypefb.com\rtc</Info>
    <Info Title="Collocated" Time="2018-11-01 16:44:36Z">False</Info>
    <Info Time="2018-11-01 16:44:36Z">Found "RTCUniversalServerAdmins": True</Info>
    <Info Time="2018-11-01 16:44:36Z">Found "RTCUniversalConfigReplicator": True</Info>
    <Info Time="2018-11-01 16:44:36Z">Found "RTCUniversalReadOnlyAdmins": True</Info>
    <Info Time="2018-11-01 16:44:41Z">Found "RTCUniversalServerAdmins": True</Info>
    <Info Time="2018-11-01 16:44:41Z">Found "RTCUniversalReadOnlyAdmins": True</Info>
    <Info Title="Log file" Time="2018-11-01 16:44:45Z">C:\Users\azuser.SKYPEFB\AppData\Local\Temp\Create-CentralMgmtStore-VM-SFB-FE01.skypefb.com_rtc-[2018_11_01][16_44_36].log</Info>
    <Complete Time="2018-11-01 16:44:45Z" />
  </Action>
  <Info Title="Command Status" Time="2018-11-01 16:44:46Z">Command processing is complete.</Info>
  <Info Title="Command Status" Time="2018-11-01 16:44:46Z">Command run is complete.</Info>
</CsMgmtLog>