﻿<?xml version="1.0" encoding="utf-8"?>
<CsMgmtLog Name="Publish-CSTopology">
  <Info Title="Connection" Time="2018-11-01 16:44:57Z">Data Source=VM-SFB-FE01.skypefb.com\rtc;Initial Catalog=xds;Integrated Security=True;Application Name=Microsoft.Rtc.Management</Info>
  <Info Title="Backup filename" Time="2018-11-01 16:44:57Z">C:\Users\azuser.SKYPEFB\AppData\Local\Temp\Publish-CSTopology-Backup-41f7417d-7aab-4a4d-aa7d-1fb7a0beca30.xml</Info>
  <Action Name="Get Schema State" Time="2018-11-01 16:44:57Z">
    <Info Time="2018-11-01 16:44:57Z">Major version: 1150</Info>
    <Info Time="2018-11-01 16:44:57Z">Minor version: 3</Info>
    <Info Time="2018-11-01 16:44:57Z">Server schema version: SCHEMA_VERSION_STATE_CURRENT</Info>
    <Info Title="Mode" Time="2018-11-01 16:44:57Z">SCHEMA_VERSION_STATE_CURRENT</Info>
    <Complete Time="2018-11-01 16:44:57Z" />
  </Action>
  <Action Name="Get Forest State" Time="2018-11-01 16:44:57Z">
    <Info Time="2018-11-01 16:44:57Z">Root domain: skypefb.com.</Info>
    <Info Time="2018-11-01 16:44:58Z">Root domain: skypefb.com.</Info>
    <Info Time="2018-11-01 16:44:58Z">Filter: (&amp;((ObjectCategory Equal person)(ObjectClass Equal user)(Sid Equal S-1-5-21-1499516121-342743321-1845606092-500)))</Info>
    <Info Time="2018-11-01 16:44:58Z">Found</Info>
    <Info Time="2018-11-01 16:44:58Z">User: CN=azuser,CN=Users,DC=skypefb,DC=com</Info>
    <Info Time="2018-11-01 16:44:58Z">Group security identifier (SID): S-1-5-21-1499516121-342743321-1845606092-519</Info>
    <Info Time="2018-11-01 16:44:58Z">HasToken: True</Info>
    <Info Time="2018-11-01 16:44:58Z">Schema type: server</Info>
    <Info Time="2018-11-01 16:44:58Z">Check Groups</Info>
    <Info Time="2018-11-01 16:44:58Z">Check Group permissions</Info>
    <Info Time="2018-11-01 16:44:58Z">Process permissions on "CN=RTCUniversalGlobalReadOnlyGroup,CN=Users,DC=skypefb,DC=com".</Info>
    <Info Time="2018-11-01 16:44:58Z">Process permissions on "CN=RTCUniversalGlobalWriteGroup,CN=Users,DC=skypefb,DC=com".</Info>
    <Info Time="2018-11-01 16:44:58Z">Process permissions on "CN=RTCUniversalServerReadOnlyGroup,CN=Users,DC=skypefb,DC=com".</Info>
    <Info Time="2018-11-01 16:44:58Z">Process permissions on "CN=RTCUniversalUserReadOnlyGroup,CN=Users,DC=skypefb,DC=com".</Info>
    <Info Time="2018-11-01 16:44:58Z">Process permissions on "CN=RTCHSUniversalServices,CN=Users,DC=skypefb,DC=com".</Info>
    <Info Time="2018-11-01 16:44:58Z">Process permissions on "CN=RTCComponentUniversalServices,CN=Users,DC=skypefb,DC=com".</Info>
    <Info Time="2018-11-01 16:44:58Z">Process permissions on "CN=RTCProxyUniversalServices,CN=Users,DC=skypefb,DC=com".</Info>
    <Info Time="2018-11-01 16:44:58Z">Process permissions on "CN=RTCUniversalServerAdmins,CN=Users,DC=skypefb,DC=com".</Info>
    <Info Time="2018-11-01 16:44:58Z">Process permissions on "CN=RTCUniversalUserAdmins,CN=Users,DC=skypefb,DC=com".</Info>
    <Info Time="2018-11-01 16:44:58Z">Process permissions on "CN=RTCUniversalReadOnlyAdmins,CN=Users,DC=skypefb,DC=com".</Info>
    <Info Time="2018-11-01 16:44:58Z">Process permissions on "CN=RTCUniversalConfigReplicator,CN=Users,DC=skypefb,DC=com".</Info>
    <Info Time="2018-11-01 16:44:58Z">Process permissions on "CN=RTCUniversalSBATechnicians,CN=Users,DC=skypefb,DC=com".</Info>
    <Info Time="2018-11-01 16:44:58Z">Process permissions on "CN=RTCSBAUniversalServices,CN=Users,DC=skypefb,DC=com".</Info>
    <Info Time="2018-11-01 16:44:58Z">Process permissions on "CN=CSAdministrator,CN=Users,DC=skypefb,DC=com".</Info>
    <Info Time="2018-11-01 16:44:58Z">Process permissions on "CN=CSVoiceAdministrator,CN=Users,DC=skypefb,DC=com".</Info>
    <Info Time="2018-11-01 16:44:58Z">Process permissions on "CN=CSUserAdministrator,CN=Users,DC=skypefb,DC=com".</Info>
    <Info Time="2018-11-01 16:44:58Z">Process permissions on "CN=CSResponseGroupAdministrator,CN=Users,DC=skypefb,DC=com".</Info>
    <Info Time="2018-11-01 16:44:58Z">Process permissions on "CN=CSResponseGroupManager,CN=Users,DC=skypefb,DC=com".</Info>
    <Info Time="2018-11-01 16:44:58Z">Process permissions on "CN=CSLocationAdministrator,CN=Users,DC=skypefb,DC=com".</Info>
    <Info Time="2018-11-01 16:44:58Z">Process permissions on "CN=CSArchivingAdministrator,CN=Users,DC=skypefb,DC=com".</Info>
    <Info Time="2018-11-01 16:44:58Z">Process permissions on "CN=CSServerAdministrator,CN=Users,DC=skypefb,DC=com".</Info>
    <Info Time="2018-11-01 16:44:58Z">Process permissions on "CN=CSViewOnlyAdministrator,CN=Users,DC=skypefb,DC=com".</Info>
    <Info Time="2018-11-01 16:44:58Z">Process permissions on "CN=CSHelpDesk,CN=Users,DC=skypefb,DC=com".</Info>
    <Info Time="2018-11-01 16:44:58Z">Process permissions on "CN=CSPersistentChatAdministrator,CN=Users,DC=skypefb,DC=com".</Info>
    <Info Time="2018-11-01 16:44:58Z">Check permissions for CN=RTC Service,CN=Services,CN=Configuration,DC=skypefb,DC=com</Info>
    <Info Time="2018-11-01 16:44:58Z">Check permissions for ConfigurationContainer</Info>
    <Info Time="2018-11-01 16:44:58Z">Check permissions for RootDomainSystemContainer</Info>
    <Info Time="2018-11-01 16:44:58Z">Access permission only applies to the Active Directory System container.</Info>
    <Info Title="Result" Time="2018-11-01 16:44:58Z">Check permissions for Configuration deleted objects container</Info>
    <Info Title="Mode" Time="2018-11-01 16:44:58Z">LC_FORESTSETTINGS_STATE_READY</Info>
    <Complete Time="2018-11-01 16:44:58Z" />
  </Action>
  <Action Name="Get Domain State" Time="2018-11-01 16:44:58Z">
    <Info Time="2018-11-01 16:44:58Z">Filter: (&amp;((ObjectCategory Equal person)(ObjectClass Equal user)(Sid Equal S-1-5-21-1499516121-342743321-1845606092-500)))</Info>
    <Info Time="2018-11-01 16:44:58Z">Found</Info>
    <Info Time="2018-11-01 16:44:58Z">User: CN=azuser,CN=Users,DC=skypefb,DC=com</Info>
    <Info Time="2018-11-01 16:44:58Z">Group security identifier (SID): S-1-5-21-1499516121-342743321-1845606092-512</Info>
    <Info Time="2018-11-01 16:44:58Z">HasToken: True</Info>
    <Info Title="Domain" Time="2018-11-01 16:44:58Z">skypefb.com</Info>
    <Info Time="2018-11-01 16:44:58Z">Root domain: skypefb.com.</Info>
    <Info Time="2018-11-01 16:44:59Z">Root domain: skypefb.com.</Info>
    <Info Time="2018-11-01 16:44:59Z">Filter: (&amp;((ObjectCategory Equal person)(ObjectClass Equal user)(Sid Equal S-1-5-21-1499516121-342743321-1845606092-500)))</Info>
    <Info Time="2018-11-01 16:44:59Z">Found</Info>
    <Info Time="2018-11-01 16:44:59Z">User: CN=azuser,CN=Users,DC=skypefb,DC=com</Info>
    <Info Time="2018-11-01 16:44:59Z">Group security identifier (SID): S-1-5-21-1499516121-342743321-1845606092-519</Info>
    <Info Time="2018-11-01 16:44:59Z">HasToken: True</Info>
    <Info Time="2018-11-01 16:44:59Z">Check Groups</Info>
    <Info Time="2018-11-01 16:44:59Z">Process permissions on domain skypefb.com.</Info>
    <Info Time="2018-11-01 16:44:59Z">Check permissions for  domain root</Info>
    <Info Time="2018-11-01 16:44:59Z">Check permissions for  users container</Info>
    <Info Time="2018-11-01 16:44:59Z">Check permissions for  computers container</Info>
    <Info Time="2018-11-01 16:44:59Z">Check permissions for  domain controllers container</Info>
    <Info Title="Result" Time="2018-11-01 16:44:59Z">Check permissions for deleted objects container</Info>
    <Info Time="2018-11-01 16:44:59Z">"RTCComponentUniversalServices" is member of "BuiltinAuthorizationAccessSid".</Info>
    <Info Title="Mode" Time="2018-11-01 16:44:59Z">LC_DOMAINSETTINGS_STATE_READY</Info>
    <Info Title="Result" Time="2018-11-01 16:44:59Z">The domain is ready.</Info>
    <Complete Time="2018-11-01 16:44:59Z" />
  </Action>
  <Info Title="Filename" Time="2018-11-01 16:44:59Z">F:\skypefb.comTopology.xml</Info>
  <Action Name="PublishTopologyCmdlet.PublishTopologyDocument" Time="2018-11-01 16:44:59Z">
    <Action Name="Publish Topology" Time="2018-11-01 16:44:59Z">
      <Action Name="Validate XML Schema" Time="2018-11-01 16:44:59Z">
        <Info Title="Result" Time="2018-11-01 16:44:59Z">Validation was successful.</Info>
        <Complete Time="2018-11-01 16:44:59Z" />
      </Action>
      <Action Name="Validate New Topology" Time="2018-11-01 16:44:59Z">
        <Info Title="Result" Time="2018-11-01 16:44:59Z">Validation was successful.</Info>
        <Complete Time="2018-11-01 16:44:59Z" />
      </Action>
      <Action Name="Validate Central Management Store Location" Time="2018-11-01 16:44:59Z">
        <Info Title="ObjectDn" Time="2018-11-01 16:44:59Z">CN=4e64f98c-3715-45db-962c-99b41e1d4d5e,CN=Topology Settings,CN=RTC Service,CN=Services,CN=Configuration,DC=skypefb,DC=com</Info>
        <Info Title="ExistingObject" Time="2018-11-01 16:44:59Z">Central Management store location object set to back-end database "VM-SFB-FE01.skypefb.com\rtc".</Info>
        <Info Title="ExistingObject" Time="2018-11-01 16:44:59Z">Central Management store located on pool 'VM-SFB-FE01.skypefb.com', instance 'rtc'.</Info>
        <Complete Time="2018-11-01 16:44:59Z" />
      </Action>
      <Action Time="2018-11-01 16:44:59Z">
        <Info Title="Result" Time="2018-11-01 16:44:59Z">Cluster ID is validated successfully against current deployment.</Info>
        <Complete Time="2018-11-01 16:44:59Z" />
      </Action>
      <Action Name="Check Orphaned Users" Time="2018-11-01 16:44:59Z">
        <Info Title="Result" Time="2018-11-01 16:44:59Z">No users or application contacts are assigned to the "0" retired service assignment tag IDs.</Info>
        <Complete Time="2018-11-01 16:44:59Z" />
      </Action>
      <Action Name="Check Orphaned Analog Devices" Time="2018-11-01 16:44:59Z">
        <Info Title="Result" Time="2018-11-01 16:44:59Z">No analog devices are assigned to the "0" retired service assignment tag IDs.</Info>
        <Complete Time="2018-11-01 16:44:59Z" />
      </Action>
      <Action Name="Check Trusted Application Pools" Time="2018-11-01 16:44:59Z">
        <Info Title="Result" Time="2018-11-01 16:44:59Z">No Registrar dependencies where changed for any application servers or external servers.</Info>
        <Complete Time="2018-11-01 16:44:59Z" />
      </Action>
      <Action Name="Check Orphaned Users" Time="2018-11-01 16:44:59Z">
        <Info Title="Result" Time="2018-11-01 16:44:59Z">No users or application contacts are assigned to the "0" retired service assignment tag IDs.</Info>
        <Complete Time="2018-11-01 16:44:59Z" />
      </Action>
      <Action Name="Check Orphaned Conferences" Time="2018-11-01 16:44:59Z">
        <Info Title="Result" Time="2018-11-01 16:45:00Z">No conferences are scheduled on the "0" instances of "UserServices" services removed.</Info>
        <Complete Time="2018-11-01 16:45:00Z" />
      </Action>
      <Action Name=" Check Edge Settings Inconsistency" Time="2018-11-01 16:45:00Z">
        <Info Title="Result" Time="2018-11-01 16:45:00Z">No edge settings inconsistency found.</Info>
        <Complete Time="2018-11-01 16:45:00Z" />
      </Action>
      <Action Name="Check Service dependent settings" Time="2018-11-01 16:45:00Z">
        <Complete Time="2018-11-01 16:45:00Z" />
      </Action>
      <Action Name="Check Site dependent settings" Time="2018-11-01 16:45:00Z">
        <Info Title="Result" Time="2018-11-01 16:45:00Z">Network configuration depends on a site that is being removed.</Info>
        <Complete Time="2018-11-01 16:45:00Z" />
      </Action>
      <Action Name="Check Machines Not Moved" Time="2018-11-01 16:45:00Z">
        <Complete Time="2018-11-01 16:45:00Z" />
      </Action>
      <Action Name="Check that Machines Exist" Time="2018-11-01 16:45:00Z">
        <Complete Time="2018-11-01 16:45:00Z" />
      </Action>
      <Action Name="Service Version Check" Time="2018-11-01 16:45:00Z">
        <Complete Time="2018-11-01 16:45:00Z" />
      </Action>
      <Action Name="Check Cluster FQDNs Not Changed" Time="2018-11-01 16:45:00Z">
        <Complete Time="2018-11-01 16:45:00Z" />
      </Action>
      <Action Name="Global Deactivation" Time="2018-11-01 16:45:00Z">
        <Complete Time="2018-11-01 16:45:00Z" />
      </Action>
      <Action Name="Update Service Assignments" Time="2018-11-01 16:45:00Z">
        <Info Title="NewObject" Time="2018-11-01 16:45:00Z">Adding service assignment "1550152990" for service "1-Registrar-1":"Registrar".</Info>
        <Info Title="NewObject" Time="2018-11-01 16:45:00Z">Adding service assignment "821453876" for service "1-PstnGateway-1":"GatewayComp".</Info>
        <Complete Time="2018-11-01 16:45:00Z" />
      </Action>
      <Complete Time="2018-11-01 16:45:00Z" />
    </Action>
    <Complete Time="2018-11-01 16:45:00Z" />
  </Action>
  <Info Title="Command Status" Time="2018-11-01 16:45:00Z">Command processing is complete.</Info>
  <Action Name="PublishTopologyCmdlet.SaveCachedItems" Time="2018-11-01 16:45:00Z">
    <Info Time="2018-11-01 16:45:00Z">"2" updates</Info>
    <Info Title="write status" Time="2018-11-01 16:45:00Z">"[{urn:schema:Microsoft.Rtc.Management.Deploy.Topology.2008}Topology,Host{00000000-0000-0000-0000-000000000000},Global]" status "Okay"</Info>
    <Info Title="write status" Time="2018-11-01 16:45:00Z">"[{urn:schema:Microsoft.Rtc.Management.Settings.ServiceAssignment.2008}ServiceAssignments,Host{00000000-0000-0000-0000-000000000000},Global]" status "Okay"</Info>
    <Complete Time="2018-11-01 16:45:00Z" />
  </Action>
  <Info Title="Command Status" Time="2018-11-01 16:45:00Z">Command run is complete.</Info>
</CsMgmtLog>