﻿<?xml version="1.0" encoding="utf-8"?>
<CsMgmtLog Name="Install-CSDatabase">
  <Info Title="Connection" Time="2018-11-01 17:37:01Z">Data Source=VM-SFB-FE01.skypefb.com\rtc;Initial Catalog=xds;Integrated Security=True;Application Name=Microsoft.Rtc.Management</Info>
  <Action Time="2018-11-01 17:37:01Z">
    <Info Time="2018-11-01 17:37:01Z">Root domain: skypefb.com.</Info>
    <Info Time="2018-11-01 17:37:01Z">Root domain: skypefb.com.</Info>
    <Info Time="2018-11-01 17:37:01Z">Filter: (&amp;((ObjectCategory Equal person)(ObjectClass Equal user)(Sid Equal S-1-5-21-1499516121-342743321-1845606092-500)))</Info>
    <Info Time="2018-11-01 17:37:01Z">Found</Info>
    <Info Time="2018-11-01 17:37:01Z">User: CN=azuser,CN=Users,DC=skypefb,DC=com</Info>
    <Info Time="2018-11-01 17:37:01Z">Group security identifier (SID): S-1-5-21-1499516121-342743321-1845606092-519</Info>
    <Info Time="2018-11-01 17:37:01Z">HasToken: True</Info>
    <Info Time="2018-11-01 17:37:01Z">Check Groups</Info>
    <Complete Time="2018-11-01 17:37:01Z" />
  </Action>
  <Info Time="2018-11-01 17:37:01Z">Found "RTCHSUniversalServices": True</Info>
  <Info Time="2018-11-01 17:37:01Z">Found "RTCUniversalServerAdmins": True</Info>
  <Info Time="2018-11-01 17:37:01Z">Found "RTCHSUniversalServices": True</Info>
  <Info Time="2018-11-01 17:37:01Z">Found "RTCHSUniversalServices": True</Info>
  <Info Time="2018-11-01 17:37:01Z">Found "RTCUniversalReadOnlyAdmins": True</Info>
  <Info Time="2018-11-01 17:37:01Z">Found "RTCHSUniversalServices": True</Info>
  <Info Time="2018-11-01 17:37:01Z">Found "RTCUniversalServerAdmins": True</Info>
  <Info Time="2018-11-01 17:37:01Z">Found "RTCComponentUniversalServices": True</Info>
  <Info Time="2018-11-01 17:37:01Z">Found "RTCUniversalServerAdmins": True</Info>
  <Info Time="2018-11-01 17:37:01Z">Found "RTCUniversalReadOnlyAdmins": True</Info>
  <Info Time="2018-11-01 17:37:02Z">Found "RTCComponentUniversalServices": True</Info>
  <Info Time="2018-11-01 17:37:02Z">Found "RTCUniversalServerAdmins": True</Info>
  <Info Time="2018-11-01 17:37:02Z">Found "RTCUniversalReadOnlyAdmins": True</Info>
  <Info Time="2018-11-01 17:37:02Z">Found "RTCComponentUniversalServices": True</Info>
  <Info Time="2018-11-01 17:37:02Z">Found "RTCUniversalServerAdmins": True</Info>
  <Info Time="2018-11-01 17:37:02Z">Found "RTCUniversalReadOnlyAdmins": True</Info>
  <Info Time="2018-11-01 17:37:02Z">Found "RTCComponentUniversalServices": True</Info>
  <Info Time="2018-11-01 17:37:02Z">Found "RTCUniversalServerAdmins": True</Info>
  <Info Time="2018-11-01 17:37:02Z">Found "RTCUniversalReadOnlyAdmins": True</Info>
  <Action Name="InstallDatabaseCmdlet.CreateDatabaseForFeature" Time="2018-11-01 17:37:03Z">
    <Info Title="Feature" Time="2018-11-01 17:37:03Z">BackendStore</Info>
    <Info Title="SQL Instance" Time="2018-11-01 17:37:03Z">VM-SFB-FE01.skypefb.com\rtc</Info>
    <Info Title="Collocated" Time="2018-11-01 17:37:03Z">True</Info>
    <Info Time="2018-11-01 17:37:03Z">Found "RTCHSUniversalServices": True</Info>
    <Info Time="2018-11-01 17:37:03Z">Found "RTCUniversalServerAdmins": True</Info>
    <Info Time="2018-11-01 17:37:03Z">Found "RTCHSUniversalServices": True</Info>
    <Info Time="2018-11-01 17:37:03Z">Found "RTCHSUniversalServices": True</Info>
    <Info Time="2018-11-01 17:37:03Z">Found "RTCUniversalReadOnlyAdmins": True</Info>
    <Info Time="2018-11-01 17:37:03Z">Found "RTCHSUniversalServices": True</Info>
    <Info Time="2018-11-01 17:37:03Z">Found "RTCUniversalServerAdmins": True</Info>
    <Info Title="Log file" Time="2018-11-01 17:37:03Z">C:\Users\azuser.SKYPEFB\AppData\Local\Temp\Create-BackendStore-VM-SFB-FE01.skypefb.com_rtc-[2018_11_01][17_37_03].log</Info>
    <Complete Time="2018-11-01 17:37:03Z" />
  </Action>
  <Action Name="InstallDatabaseCmdlet.CreateDatabaseForFeature" Time="2018-11-01 17:37:03Z">
    <Info Title="Feature" Time="2018-11-01 17:37:03Z">ABSStore</Info>
    <Info Title="SQL Instance" Time="2018-11-01 17:37:03Z">VM-SFB-FE01.skypefb.com\rtc</Info>
    <Info Title="Collocated" Time="2018-11-01 17:37:03Z">True</Info>
    <Info Time="2018-11-01 17:37:03Z">Found "RTCComponentUniversalServices": True</Info>
    <Info Time="2018-11-01 17:37:03Z">Found "RTCUniversalServerAdmins": True</Info>
    <Info Time="2018-11-01 17:37:03Z">Found "RTCUniversalReadOnlyAdmins": True</Info>
    <Info Title="Log file" Time="2018-11-01 17:37:03Z">C:\Users\azuser.SKYPEFB\AppData\Local\Temp\Create-ABSStore-VM-SFB-FE01.skypefb.com_rtc-[2018_11_01][17_37_03].log</Info>
    <Complete Time="2018-11-01 17:37:03Z" />
  </Action>
  <Action Name="InstallDatabaseCmdlet.CreateDatabaseForFeature" Time="2018-11-01 17:37:03Z">
    <Info Title="Feature" Time="2018-11-01 17:37:03Z">ApplicationStore</Info>
    <Info Title="SQL Instance" Time="2018-11-01 17:37:03Z">VM-SFB-FE01.skypefb.com\rtc</Info>
    <Info Title="Collocated" Time="2018-11-01 17:37:03Z">True</Info>
    <Info Time="2018-11-01 17:37:03Z">Found "RTCComponentUniversalServices": True</Info>
    <Info Time="2018-11-01 17:37:03Z">Found "RTCUniversalServerAdmins": True</Info>
    <Info Time="2018-11-01 17:37:03Z">Found "RTCUniversalReadOnlyAdmins": True</Info>
    <Info Time="2018-11-01 17:37:03Z">Found "RTCComponentUniversalServices": True</Info>
    <Info Time="2018-11-01 17:37:03Z">Found "RTCUniversalServerAdmins": True</Info>
    <Info Time="2018-11-01 17:37:03Z">Found "RTCUniversalReadOnlyAdmins": True</Info>
    <Info Time="2018-11-01 17:37:03Z">Found "RTCComponentUniversalServices": True</Info>
    <Info Time="2018-11-01 17:37:03Z">Found "RTCUniversalServerAdmins": True</Info>
    <Info Time="2018-11-01 17:37:03Z">Found "RTCUniversalReadOnlyAdmins": True</Info>
    <Info Title="Log file" Time="2018-11-01 17:37:03Z">C:\Users\azuser.SKYPEFB\AppData\Local\Temp\Create-ApplicationStore-VM-SFB-FE01.skypefb.com_rtc-[2018_11_01][17_37_03].log</Info>
    <Complete Time="2018-11-01 17:37:03Z" />
  </Action>
  <Action Name="InstallDatabaseCmdlet.CreateDatabaseForFeature" Time="2018-11-01 17:37:03Z">
    <Info Title="Feature" Time="2018-11-01 17:37:03Z">CentralMgmtStore</Info>
    <Info Title="SQL Instance" Time="2018-11-01 17:37:03Z">VM-SFB-FE01.skypefb.com\rtc</Info>
    <Info Title="Collocated" Time="2018-11-01 17:37:03Z">True</Info>
    <Info Time="2018-11-01 17:37:03Z">Found "RTCUniversalServerAdmins": True</Info>
    <Info Time="2018-11-01 17:37:03Z">Found "RTCUniversalConfigReplicator": True</Info>
    <Info Time="2018-11-01 17:37:03Z">Found "RTCUniversalReadOnlyAdmins": True</Info>
    <Info Time="2018-11-01 17:37:03Z">Found "RTCUniversalServerAdmins": True</Info>
    <Info Time="2018-11-01 17:37:03Z">Found "RTCUniversalReadOnlyAdmins": True</Info>
    <Info Title="Log file" Time="2018-11-01 17:37:03Z">C:\Users\azuser.SKYPEFB\AppData\Local\Temp\Create-CentralMgmtStore-VM-SFB-FE01.skypefb.com_rtc-[2018_11_01][17_37_03].log</Info>
    <Complete Time="2018-11-01 17:37:03Z" />
  </Action>
  <Action Name="InstallDatabaseCmdlet.CreateDatabaseForFeature" Time="2018-11-01 17:37:03Z">
    <Info Title="Feature" Time="2018-11-01 17:37:03Z">RtcDatabaseStore</Info>
    <Info Title="SQL Instance" Time="2018-11-01 17:37:03Z">VM-SFB-FE01.skypefb.com\rtclocal</Info>
    <Info Title="Collocated" Time="2018-11-01 17:37:03Z">True</Info>
    <Info Title="Log file" Time="2018-11-01 17:37:03Z">C:\Users\azuser.SKYPEFB\AppData\Local\Temp\Create-RtcDatabaseStore-VM-SFB-FE01.skypefb.com_rtclocal-[2018_11_01][17_37_03].log</Info>
    <Complete Time="2018-11-01 17:37:03Z" />
  </Action>
  <Action Name="InstallDatabaseCmdlet.CreateDatabaseForFeature" Time="2018-11-01 17:37:03Z">
    <Info Title="Feature" Time="2018-11-01 17:37:03Z">LyssStore</Info>
    <Info Title="SQL Instance" Time="2018-11-01 17:37:03Z">VM-SFB-FE01.skypefb.com\lynclocal</Info>
    <Info Title="Collocated" Time="2018-11-01 17:37:03Z">True</Info>
    <Info Title="Log file" Time="2018-11-01 17:37:03Z">C:\Users\azuser.SKYPEFB\AppData\Local\Temp\Create-LyssStore-VM-SFB-FE01.skypefb.com_lynclocal-[2018_11_01][17_37_03].log</Info>
    <Complete Time="2018-11-01 17:37:03Z" />
  </Action>
  <Action Name="InstallDatabaseCmdlet.CreateDatabaseForFeature" Time="2018-11-01 17:37:03Z">
    <Info Title="Feature" Time="2018-11-01 17:37:03Z">LyssStore</Info>
    <Info Title="SQL Instance" Time="2018-11-01 17:37:03Z">VM-SFB-FE01.skypefb.com\lynclocal</Info>
    <Info Title="Collocated" Time="2018-11-01 17:37:03Z">True</Info>
    <Info Title="Log file" Time="2018-11-01 17:37:03Z">C:\Users\azuser.SKYPEFB\AppData\Local\Temp\Create-LyssStore-VM-SFB-FE01.skypefb.com_lynclocal-[2018_11_01][17_37_03].log</Info>
    <Complete Time="2018-11-01 17:37:03Z" />
  </Action>
  <Info Title="Command Status" Time="2018-11-01 17:37:03Z">Command processing is complete.</Info>
  <Action Name="DeploymentXdsCmdlet.SaveCachedItems" Time="2018-11-01 17:37:03Z">
    <Info Time="2018-11-01 17:37:03Z">"0" updates</Info>
    <Complete Time="2018-11-01 17:37:03Z" />
  </Action>
  <Info Title="Command Status" Time="2018-11-01 17:37:03Z">Command run is complete.</Info>
</CsMgmtLog>