﻿<?xml version="1.0" encoding="utf-8"?>
<CsMgmtLog Name="Enable-CsReplica">
  <Action Time="2018-11-01 16:47:44Z">
    <Action Name="Activate" Time="2018-11-01 16:47:44Z">
      <Info Title="Role" Time="2018-11-01 16:47:44Z">Replica</Info>
      <Info Time="2018-11-01 16:47:44Z">"CS TCP445" added to firewall exception list.</Info>
      <Info Time="2018-11-01 16:47:44Z">"CS TCP50001" added to firewall exception list.</Info>
      <Info Time="2018-11-01 16:47:44Z">"CS TCP50002" added to firewall exception list.</Info>
      <Info Time="2018-11-01 16:47:44Z">"CS TCP50003" added to firewall exception list.</Info>
      <Info Time="2018-11-01 16:47:44Z">Changing service failure actions flag of service "REPLICA" to "True".</Info>
      <Info Time="2018-11-01 16:47:44Z">"CS REPLICA" added to firewall exception list.</Info>
      <Info Time="2018-11-01 16:47:44Z">Service ID type of service "REPLICA": "Unrestricted"</Info>
      <Info Time="2018-11-01 16:47:44Z">Changing service failure actions flag of service "RTCCLSAGT" to "True".</Info>
      <Info Time="2018-11-01 16:47:44Z">"CS RTCCLSAGT" added to firewall exception list.</Info>
      <Info Time="2018-11-01 16:47:44Z">Service ID type of service "RTCCLSAGT": "None"</Info>
      <Info Time="2018-11-01 16:47:44Z">Changing service ID type of service "RTCCLSAGT" to "Unrestricted"</Info>
      <Info Time="2018-11-01 16:47:44Z">Found "RTCUniversalConfigReplicator": True</Info>
      <Info Time="2018-11-01 16:47:46Z">"RTCUniversalConfigReplicator" added to "RTC Local Config Replicator".</Info>
      <Info Time="2018-11-01 16:47:46Z">"Replica" added to "RTC Local Config Replicator".</Info>
      <Info Time="2018-11-01 16:47:46Z">Found "RTCComponentUniversalServices": True</Info>
      <Info Time="2018-11-01 16:47:46Z">"RTCComponentUniversalServices" added to "RTC Component Local Group".</Info>
      <Info Time="2018-11-01 16:47:46Z">"RTCCLSAGT" added to "RTC Component Local Group".</Info>
      <Info Time="2018-11-01 16:47:48Z">Writing activation key for Replica to registry</Info>
      <Complete Time="2018-11-01 16:47:48Z" />
    </Action>
    <Complete Time="2018-11-01 16:47:48Z" />
  </Action>
  <Info Title="Command Status" Time="2018-11-01 16:47:48Z">Command processing is complete.</Info>
  <Info Title="Command Status" Time="2018-11-01 16:47:48Z">Command run is complete.</Info>
</CsMgmtLog>