﻿<?xml version="1.0" encoding="utf-8"?>
<CsMgmtLog Name="Enable-CsComputer">
  <Info Title="Connection" Time="2018-11-01 17:37:04Z">Data Source=(local)\rtclocal;Initial Catalog=xds;Integrated Security=True;Application Name=Microsoft.Rtc.Management</Info>
  <Action Time="2018-11-01 17:37:04Z">
    <Info Title="Name" Time="2018-11-01 17:37:04Z">vm-sfb-fe01.skypefb.com</Info>
    <Info Time="2018-11-01 17:37:04Z">Discovered installed role ApplicationServer of version 1</Info>
    <Info Time="2018-11-01 17:37:04Z">Discovered installed role ApplicationStore of version 1</Info>
    <Info Time="2018-11-01 17:37:04Z">Discovered installed role CentralMgmt of version 1</Info>
    <Info Time="2018-11-01 17:37:04Z">Discovered installed role CentralMgmtStore of version 1</Info>
    <Info Time="2018-11-01 17:37:04Z">Discovered installed role ConfServices of version 1</Info>
    <Info Time="2018-11-01 17:37:04Z">Discovered installed role FileStore of version 1</Info>
    <Info Time="2018-11-01 17:37:04Z">Discovered installed role MediationServer of version 1</Info>
    <Info Time="2018-11-01 17:37:04Z">Discovered installed role Registrar of version 2</Info>
    <Info Time="2018-11-01 17:37:04Z">Discovered installed role UserServices of version 2</Info>
    <Info Time="2018-11-01 17:37:04Z">Discovered installed role UserStore of version 1</Info>
    <Info Time="2018-11-01 17:37:04Z">Discovered installed role WebServices of version 1</Info>
    <Action Name="Activate Host" Time="2018-11-01 17:37:04Z">
      <Info Time="2018-11-01 17:37:04Z">Found "RTCUniversalServerAdmins": True</Info>
      <Info Time="2018-11-01 17:37:04Z">"RTCUniversalServerAdmins" added to "RTC Local Administrators".</Info>
      <Info Time="2018-11-01 17:37:04Z">Found "RTCUniversalUserAdmins": True</Info>
      <Info Time="2018-11-01 17:37:04Z">"RTCUniversalUserAdmins" added to "RTC Local User Administrators".</Info>
      <Info Time="2018-11-01 17:37:04Z">Found "RTCUniversalReadOnlyAdmins": True</Info>
      <Info Time="2018-11-01 17:37:04Z">"RTCUniversalReadOnlyAdmins" added to "RTC Local Read-only Administrators".</Info>
      <Complete Time="2018-11-01 17:37:04Z" />
    </Action>
    <Action Name="Registrar:VM-SFB-FE01.skypefb.com" Time="2018-11-01 17:37:04Z">
      <Info Title="Role" Time="2018-11-01 17:37:04Z">Registrar</Info>
      <Info Title="Host" Time="2018-11-01 17:37:04Z">VM-SFB-FE01.skypefb.com</Info>
      <Info Time="2018-11-01 17:37:04Z">"CS TCP135" is already in the firewall exception list.</Info>
      <Info Time="2018-11-01 17:37:04Z">Changing service failure actions flag of service "RTCSRV" to "True".</Info>
      <Info Time="2018-11-01 17:37:04Z">"CS RTCSRV" is already in the firewall exception list.</Info>
      <Info Time="2018-11-01 17:37:04Z">Service ID type of service "RTCSRV": "Unrestricted"</Info>
      <Info Time="2018-11-01 17:37:04Z">"CS RTCHOST" is already in the firewall exception list.</Info>
      <Info Time="2018-11-01 17:37:04Z">"CS LYSS" is already in the firewall exception list.</Info>
      <Info Time="2018-11-01 17:37:04Z">"CS LYSS1" is already in the firewall exception list.</Info>
      <Info Time="2018-11-01 17:37:04Z">Found "RTCHSUniversalServices": True</Info>
      <Info Time="2018-11-01 17:37:04Z">"RTCHSUniversalServices" added to "RTC Server Local Group".</Info>
      <Info Time="2018-11-01 17:37:04Z">"RTCSRV" added to "RTC Server Local Group".</Info>
      <Info Time="2018-11-01 17:37:04Z">"RTCSRV" added to "WindowsFabricAdministrators".</Info>
      <Info Time="2018-11-01 17:37:04Z">"RTCSRV" added to "WindowsFabricAllowedUsers".</Info>
      <Info Time="2018-11-01 17:37:04Z">Current domain: skypefb.com.</Info>
      <Info Time="2018-11-01 17:37:04Z">Found "AccountDomainAdminsSid": True</Info>
      <Info Time="2018-11-01 17:37:04Z">Access control list (ACL) already exists.</Info>
      <Info Time="2018-11-01 17:37:04Z">"accessPermissions" permissions for "AccountDomainAdminsSid" on "AppID\{DAA77B0D-C664-437c-8B37-22CDC053B961}\AccessPermission".</Info>
      <Info Time="2018-11-01 17:37:04Z">Current domain: skypefb.com.</Info>
      <Info Time="2018-11-01 17:37:04Z">Found "AccountDomainAdminsSid": True</Info>
      <Info Time="2018-11-01 17:37:04Z">Access control list (ACL) already exists.</Info>
      <Info Time="2018-11-01 17:37:04Z">"activationPermissions" permissions for "AccountDomainAdminsSid" on "AppID\{DAA77B0D-C664-437c-8B37-22CDC053B961}\LaunchPermission".</Info>
      <Info Time="2018-11-01 17:37:04Z">Current domain: skypefb.com.</Info>
      <Info Time="2018-11-01 17:37:04Z">Found "AccountDomainAdminsSid": True</Info>
      <Info Time="2018-11-01 17:37:04Z">Access control list (ACL) already exists.</Info>
      <Info Time="2018-11-01 17:37:04Z">"accessPermissions" permissions for "AccountDomainAdminsSid" on "AppID\{3FE3EC86-D3FA-4A71-8B14-C9011860591B}\AccessPermission".</Info>
      <Info Time="2018-11-01 17:37:04Z">Current domain: skypefb.com.</Info>
      <Info Time="2018-11-01 17:37:04Z">Found "AccountDomainAdminsSid": True</Info>
      <Info Time="2018-11-01 17:37:04Z">Access control list (ACL) already exists.</Info>
      <Info Time="2018-11-01 17:37:04Z">"activationPermissions" permissions for "AccountDomainAdminsSid" on "AppID\{3FE3EC86-D3FA-4A71-8B14-C9011860591B}\LaunchPermission".</Info>
      <Info Time="2018-11-01 17:37:04Z">Current domain: skypefb.com.</Info>
      <Info Time="2018-11-01 17:37:04Z">Found "AccountDomainAdminsSid": True</Info>
      <Info Time="2018-11-01 17:37:04Z">Access control list (ACL) already exists.</Info>
      <Info Time="2018-11-01 17:37:04Z">"accessPermissions" permissions for "AccountDomainAdminsSid" on "AppID\{fc7fb9b2-44af-43cb-aa1d-2298232e33d0}\AccessPermission".</Info>
      <Info Time="2018-11-01 17:37:04Z">Current domain: skypefb.com.</Info>
      <Info Time="2018-11-01 17:37:04Z">Found "AccountDomainAdminsSid": True</Info>
      <Info Time="2018-11-01 17:37:04Z">Access control list (ACL) already exists.</Info>
      <Info Time="2018-11-01 17:37:04Z">"activationPermissions" permissions for "AccountDomainAdminsSid" on "AppID\{fc7fb9b2-44af-43cb-aa1d-2298232e33d0}\LaunchPermission".</Info>
      <Info Time="2018-11-01 17:37:04Z">Current domain: skypefb.com.</Info>
      <Info Time="2018-11-01 17:37:04Z">Found "AccountDomainAdminsSid": True</Info>
      <Info Time="2018-11-01 17:37:04Z">Access control list (ACL) already exists.</Info>
      <Info Time="2018-11-01 17:37:04Z">"accessPermissions" permissions for "AccountDomainAdminsSid" on "AppID\{663a25be-bac8-4a82-aeb3-82df6bf20697}\AccessPermission".</Info>
      <Info Time="2018-11-01 17:37:04Z">Current domain: skypefb.com.</Info>
      <Info Time="2018-11-01 17:37:04Z">Found "AccountDomainAdminsSid": True</Info>
      <Info Time="2018-11-01 17:37:04Z">Access control list (ACL) already exists.</Info>
      <Info Time="2018-11-01 17:37:04Z">"activationPermissions" permissions for "AccountDomainAdminsSid" on "AppID\{663a25be-bac8-4a82-aeb3-82df6bf20697}\LaunchPermission".</Info>
      <Info Time="2018-11-01 17:37:04Z">Current domain: skypefb.com.</Info>
      <Info Time="2018-11-01 17:37:04Z">Found "AccountDomainAdminsSid": True</Info>
      <Info Time="2018-11-01 17:37:04Z">Access control list (ACL) already exists.</Info>
      <Info Time="2018-11-01 17:37:04Z">"accessPermissions" permissions for "AccountDomainAdminsSid" on "AppID\{E796DD15-AAD4-48B7-BA19-1C8385217F89}\AccessPermission".</Info>
      <Info Time="2018-11-01 17:37:04Z">Current domain: skypefb.com.</Info>
      <Info Time="2018-11-01 17:37:04Z">Found "AccountDomainAdminsSid": True</Info>
      <Info Time="2018-11-01 17:37:04Z">Access control list (ACL) already exists.</Info>
      <Info Time="2018-11-01 17:37:04Z">"activationPermissions" permissions for "AccountDomainAdminsSid" on "AppID\{E796DD15-AAD4-48B7-BA19-1C8385217F89}\LaunchPermission".</Info>
      <Info Time="2018-11-01 17:37:04Z">Current domain: skypefb.com.</Info>
      <Info Time="2018-11-01 17:37:04Z">Found "AccountDomainAdminsSid": True</Info>
      <Info Time="2018-11-01 17:37:04Z">Access control list (ACL) already exists.</Info>
      <Info Time="2018-11-01 17:37:04Z">"accessPermissions" permissions for "AccountDomainAdminsSid" on "Software\microsoft\ole\MachineAccessRestriction".</Info>
      <Info Time="2018-11-01 17:37:04Z">Found "SYSTEM": True</Info>
      <Info Time="2018-11-01 17:37:04Z">Access control list (ACL) already exists.</Info>
      <Info Time="2018-11-01 17:37:04Z">"accessPermissions" permissions for "LocalSystem" on "Software\microsoft\ole\MachineAccessRestriction".</Info>
      <Info Time="2018-11-01 17:37:04Z">Found "RTC Local Administrators": True</Info>
      <Info Time="2018-11-01 17:37:04Z">Access control list (ACL) already exists.</Info>
      <Info Time="2018-11-01 17:37:04Z">"accessPermissions" permissions for "RTC Local Administrators" on "Software\microsoft\ole\MachineAccessRestriction".</Info>
      <Info Time="2018-11-01 17:37:04Z">Found "RTC Local User Administrators": True</Info>
      <Info Time="2018-11-01 17:37:04Z">Access control list (ACL) already exists.</Info>
      <Info Time="2018-11-01 17:37:04Z">"accessPermissions" permissions for "RTC Local User Administrators" on "Software\microsoft\ole\MachineAccessRestriction".</Info>
      <Info Time="2018-11-01 17:37:04Z">Found "RTC Server Local Group": True</Info>
      <Info Time="2018-11-01 17:37:04Z">Access control list (ACL) already exists.</Info>
      <Info Time="2018-11-01 17:37:04Z">"accessPermissions" permissions for "RTC Server Local Group" on "Software\microsoft\ole\MachineAccessRestriction".</Info>
      <Info Time="2018-11-01 17:37:04Z">Found "RTC Component Local Group": True</Info>
      <Info Time="2018-11-01 17:37:04Z">Access control list (ACL) already exists.</Info>
      <Info Time="2018-11-01 17:37:04Z">"accessPermissions" permissions for "RTC Component Local Group" on "Software\microsoft\ole\MachineAccessRestriction".</Info>
      <Info Time="2018-11-01 17:37:04Z">Found "RTC Local Read-only Administrators": True</Info>
      <Info Time="2018-11-01 17:37:04Z">Access control list (ACL) already exists.</Info>
      <Info Time="2018-11-01 17:37:04Z">"accessPermissions" permissions for "RTC Local Read-only Administrators" on "Software\microsoft\ole\MachineAccessRestriction".</Info>
      <Info Time="2018-11-01 17:37:04Z">Current domain: skypefb.com.</Info>
      <Info Time="2018-11-01 17:37:04Z">Found "AccountDomainAdminsSid": True</Info>
      <Info Time="2018-11-01 17:37:04Z">Access control list (ACL) already exists.</Info>
      <Info Time="2018-11-01 17:37:04Z">"activationPermissions" permissions for "AccountDomainAdminsSid" on "Software\microsoft\ole\MachineLaunchRestriction".</Info>
      <Info Time="2018-11-01 17:37:04Z">Found "SYSTEM": True</Info>
      <Info Time="2018-11-01 17:37:04Z">Access control list (ACL) already exists.</Info>
      <Info Time="2018-11-01 17:37:04Z">"activationPermissions" permissions for "LocalSystem" on "Software\microsoft\ole\MachineLaunchRestriction".</Info>
      <Info Time="2018-11-01 17:37:04Z">Found "RTC Local Administrators": True</Info>
      <Info Time="2018-11-01 17:37:04Z">Access control list (ACL) already exists.</Info>
      <Info Time="2018-11-01 17:37:04Z">"activationPermissions" permissions for "RTC Local Administrators" on "Software\microsoft\ole\MachineLaunchRestriction".</Info>
      <Info Time="2018-11-01 17:37:04Z">Found "RTC Local User Administrators": True</Info>
      <Info Time="2018-11-01 17:37:04Z">Access control list (ACL) already exists.</Info>
      <Info Time="2018-11-01 17:37:04Z">"activationPermissions" permissions for "RTC Local User Administrators" on "Software\microsoft\ole\MachineLaunchRestriction".</Info>
      <Info Time="2018-11-01 17:37:04Z">Found "RTC Server Local Group": True</Info>
      <Info Time="2018-11-01 17:37:04Z">Access control list (ACL) already exists.</Info>
      <Info Time="2018-11-01 17:37:04Z">"activationPermissions" permissions for "RTC Server Local Group" on "Software\microsoft\ole\MachineLaunchRestriction".</Info>
      <Info Time="2018-11-01 17:37:04Z">Found "RTC Component Local Group": True</Info>
      <Info Time="2018-11-01 17:37:04Z">Access control list (ACL) already exists.</Info>
      <Info Time="2018-11-01 17:37:04Z">"activationPermissions" permissions for "RTC Component Local Group" on "Software\microsoft\ole\MachineLaunchRestriction".</Info>
      <Info Time="2018-11-01 17:37:04Z">Found "RTC Local Read-only Administrators": True</Info>
      <Info Time="2018-11-01 17:37:04Z">Access control list (ACL) already exists.</Info>
      <Info Time="2018-11-01 17:37:04Z">"activationPermissions" permissions for "RTC Local Read-only Administrators" on "Software\microsoft\ole\MachineLaunchRestriction".</Info>
      <Info Time="2018-11-01 17:37:04Z">Writing activation key for Registrar to registry</Info>
      <Action Name="Activate" Time="2018-11-01 17:37:04Z">
        <Info Title="Host" Time="2018-11-01 17:37:04Z">VM-SFB-FE01.skypefb.com</Info>
        <Complete Time="2018-11-01 17:37:04Z" />
      </Action>
      <Action Name="XmppFederation" Time="2018-11-01 17:37:04Z">
        <Info Title="Host" Time="2018-11-01 17:37:04Z">VM-SFB-FE01.skypefb.com</Info>
        <Info Time="2018-11-01 17:37:04Z">Changing service failure actions flag of service "RTCXMPPTGW" to "True".</Info>
        <Info Time="2018-11-01 17:37:04Z">"CS RTCXMPPTGW" is already in the firewall exception list.</Info>
        <Info Time="2018-11-01 17:37:04Z">Service ID type of service "RTCXMPPTGW": "Unrestricted"</Info>
        <Info Time="2018-11-01 17:37:04Z">"RTCXMPPTGW" added to "RTC Component Local Group".</Info>
        <Complete Time="2018-11-01 17:37:04Z" />
      </Action>
      <Action Name="Activate" Time="2018-11-01 17:37:04Z">
        <Info Title="Host" Time="2018-11-01 17:37:04Z">VM-SFB-FE01.skypefb.com</Info>
        <Complete Time="2018-11-01 17:37:04Z" />
      </Action>
      <Action Name="XmppFederation" Time="2018-11-01 17:37:04Z">
        <Info Title="Host" Time="2018-11-01 17:37:04Z">VM-SFB-FE01.skypefb.com</Info>
        <Info Time="2018-11-01 17:37:04Z">Changing service failure actions flag of service "RTCXMPPTGW" to "True".</Info>
        <Info Time="2018-11-01 17:37:04Z">"CS RTCXMPPTGW" is already in the firewall exception list.</Info>
        <Info Time="2018-11-01 17:37:04Z">Service ID type of service "RTCXMPPTGW": "Unrestricted"</Info>
        <Info Time="2018-11-01 17:37:04Z">"RTCXMPPTGW" added to "RTC Component Local Group".</Info>
        <Complete Time="2018-11-01 17:37:04Z" />
      </Action>
      <Info Time="2018-11-01 17:37:04Z">"CS TCP135" is already in the firewall exception list.</Info>
      <Info Time="2018-11-01 17:37:04Z">"CS TCP444" is already in the firewall exception list.</Info>
      <Info Time="2018-11-01 17:37:04Z">"CS TCP5090" is already in the firewall exception list.</Info>
      <Info Time="2018-11-01 17:37:04Z">"CS TCP5091" is already in the firewall exception list.</Info>
      <Info Time="2018-11-01 17:37:04Z">"CS TCP5092" is already in the firewall exception list.</Info>
      <Info Time="2018-11-01 17:37:04Z">"CS TCP5093" is already in the firewall exception list.</Info>
      <Info Time="2018-11-01 17:37:04Z">"CS TCP5094" is already in the firewall exception list.</Info>
      <Info Title="Acl" Time="2018-11-01 17:37:04Z">"FullControl" permissions for "BUILTIN\Administrators" on "C:\ProgramData\Microsoft\Skype for Business Server\FabricConfiguration".</Info>
      <Info Time="2018-11-01 17:37:04Z">Access control list (ACL) is ready.</Info>
      <Info Time="2018-11-01 17:37:04Z">Found "WindowsFabricAllowedUsers": True</Info>
      <Info Title="Acl" Time="2018-11-01 17:37:04Z">"FullControl" permissions for "VM-SFB-FE01\WindowsFabricAllowedUsers" on "C:\ProgramData\Microsoft\Skype for Business Server\FabricConfiguration".</Info>
      <Info Time="2018-11-01 17:37:04Z">Access control list (ACL) is ready.</Info>
      <Complete Time="2018-11-01 17:37:04Z" />
    </Action>
    <Action Name="UserServer:VM-SFB-FE01.skypefb.com" Time="2018-11-01 17:37:04Z">
      <Info Title="Role" Time="2018-11-01 17:37:04Z">UserServices</Info>
      <Info Title="Host" Time="2018-11-01 17:37:04Z">VM-SFB-FE01.skypefb.com</Info>
      <Info Time="2018-11-01 17:37:04Z">"CS TCP135" is already in the firewall exception list.</Info>
      <Info Time="2018-11-01 17:37:04Z">Changing service failure actions flag of service "RTCSRV" to "True".</Info>
      <Info Time="2018-11-01 17:37:04Z">"CS RTCSRV" is already in the firewall exception list.</Info>
      <Info Time="2018-11-01 17:37:04Z">Service ID type of service "RTCSRV": "Unrestricted"</Info>
      <Info Time="2018-11-01 17:37:04Z">"CS RTCHOST" is already in the firewall exception list.</Info>
      <Info Time="2018-11-01 17:37:04Z">"CS LYSS" is already in the firewall exception list.</Info>
      <Info Time="2018-11-01 17:37:04Z">"CS LYSS1" is already in the firewall exception list.</Info>
      <Info Time="2018-11-01 17:37:04Z">"RTCHSUniversalServices" added to "RTC Server Local Group".</Info>
      <Info Time="2018-11-01 17:37:04Z">"RTCSRV" added to "RTC Server Local Group".</Info>
      <Info Time="2018-11-01 17:37:04Z">Current domain: skypefb.com.</Info>
      <Info Time="2018-11-01 17:37:04Z">Found "AccountDomainAdminsSid": True</Info>
      <Info Time="2018-11-01 17:37:04Z">Access control list (ACL) already exists.</Info>
      <Info Time="2018-11-01 17:37:04Z">"accessPermissions" permissions for "AccountDomainAdminsSid" on "AppID\{DAA77B0D-C664-437c-8B37-22CDC053B961}\AccessPermission".</Info>
      <Info Time="2018-11-01 17:37:04Z">Current domain: skypefb.com.</Info>
      <Info Time="2018-11-01 17:37:04Z">Found "AccountDomainAdminsSid": True</Info>
      <Info Time="2018-11-01 17:37:04Z">Access control list (ACL) already exists.</Info>
      <Info Time="2018-11-01 17:37:04Z">"activationPermissions" permissions for "AccountDomainAdminsSid" on "AppID\{DAA77B0D-C664-437c-8B37-22CDC053B961}\LaunchPermission".</Info>
      <Info Time="2018-11-01 17:37:04Z">Current domain: skypefb.com.</Info>
      <Info Time="2018-11-01 17:37:04Z">Found "AccountDomainAdminsSid": True</Info>
      <Info Time="2018-11-01 17:37:04Z">Access control list (ACL) already exists.</Info>
      <Info Time="2018-11-01 17:37:04Z">"accessPermissions" permissions for "AccountDomainAdminsSid" on "AppID\{3FE3EC86-D3FA-4A71-8B14-C9011860591B}\AccessPermission".</Info>
      <Info Time="2018-11-01 17:37:04Z">Current domain: skypefb.com.</Info>
      <Info Time="2018-11-01 17:37:04Z">Found "AccountDomainAdminsSid": True</Info>
      <Info Time="2018-11-01 17:37:04Z">Access control list (ACL) already exists.</Info>
      <Info Time="2018-11-01 17:37:04Z">"activationPermissions" permissions for "AccountDomainAdminsSid" on "AppID\{3FE3EC86-D3FA-4A71-8B14-C9011860591B}\LaunchPermission".</Info>
      <Info Time="2018-11-01 17:37:04Z">Current domain: skypefb.com.</Info>
      <Info Time="2018-11-01 17:37:04Z">Found "AccountDomainAdminsSid": True</Info>
      <Info Time="2018-11-01 17:37:04Z">Access control list (ACL) already exists.</Info>
      <Info Time="2018-11-01 17:37:04Z">"accessPermissions" permissions for "AccountDomainAdminsSid" on "AppID\{E796DD15-AAD4-48B7-BA19-1C8385217F89}\AccessPermission".</Info>
      <Info Time="2018-11-01 17:37:04Z">Current domain: skypefb.com.</Info>
      <Info Time="2018-11-01 17:37:04Z">Found "AccountDomainAdminsSid": True</Info>
      <Info Time="2018-11-01 17:37:04Z">Access control list (ACL) already exists.</Info>
      <Info Time="2018-11-01 17:37:04Z">"activationPermissions" permissions for "AccountDomainAdminsSid" on "AppID\{E796DD15-AAD4-48B7-BA19-1C8385217F89}\LaunchPermission".</Info>
      <Info Time="2018-11-01 17:37:04Z">Current domain: skypefb.com.</Info>
      <Info Time="2018-11-01 17:37:04Z">Found "AccountDomainAdminsSid": True</Info>
      <Info Time="2018-11-01 17:37:04Z">Access control list (ACL) already exists.</Info>
      <Info Time="2018-11-01 17:37:04Z">"accessPermissions" permissions for "AccountDomainAdminsSid" on "AppID\{B9A4A858-A697-4415-A33B-0215182D0E0B}\AccessPermission".</Info>
      <Info Time="2018-11-01 17:37:04Z">Current domain: skypefb.com.</Info>
      <Info Time="2018-11-01 17:37:04Z">Found "AccountDomainAdminsSid": True</Info>
      <Info Time="2018-11-01 17:37:04Z">Access control list (ACL) already exists.</Info>
      <Info Time="2018-11-01 17:37:04Z">"activationPermissions" permissions for "AccountDomainAdminsSid" on "AppID\{B9A4A858-A697-4415-A33B-0215182D0E0B}\LaunchPermission".</Info>
      <Info Time="2018-11-01 17:37:04Z">Current domain: skypefb.com.</Info>
      <Info Time="2018-11-01 17:37:04Z">Found "AccountDomainAdminsSid": True</Info>
      <Info Time="2018-11-01 17:37:04Z">Access control list (ACL) already exists.</Info>
      <Info Time="2018-11-01 17:37:04Z">"accessPermissions" permissions for "AccountDomainAdminsSid" on "AppID\{fc7fb9b2-44af-43cb-aa1d-2298232e33d0}\AccessPermission".</Info>
      <Info Time="2018-11-01 17:37:04Z">Current domain: skypefb.com.</Info>
      <Info Time="2018-11-01 17:37:04Z">Found "AccountDomainAdminsSid": True</Info>
      <Info Time="2018-11-01 17:37:04Z">Access control list (ACL) already exists.</Info>
      <Info Time="2018-11-01 17:37:04Z">"activationPermissions" permissions for "AccountDomainAdminsSid" on "AppID\{fc7fb9b2-44af-43cb-aa1d-2298232e33d0}\LaunchPermission".</Info>
      <Info Time="2018-11-01 17:37:04Z">Current domain: skypefb.com.</Info>
      <Info Time="2018-11-01 17:37:04Z">Found "AccountDomainAdminsSid": True</Info>
      <Info Time="2018-11-01 17:37:04Z">Access control list (ACL) already exists.</Info>
      <Info Time="2018-11-01 17:37:04Z">"accessPermissions" permissions for "AccountDomainAdminsSid" on "AppID\{663a25be-bac8-4a82-aeb3-82df6bf20697}\AccessPermission".</Info>
      <Info Time="2018-11-01 17:37:04Z">Current domain: skypefb.com.</Info>
      <Info Time="2018-11-01 17:37:04Z">Found "AccountDomainAdminsSid": True</Info>
      <Info Time="2018-11-01 17:37:04Z">Access control list (ACL) already exists.</Info>
      <Info Time="2018-11-01 17:37:04Z">"activationPermissions" permissions for "AccountDomainAdminsSid" on "AppID\{663a25be-bac8-4a82-aeb3-82df6bf20697}\LaunchPermission".</Info>
      <Info Time="2018-11-01 17:37:04Z">Current domain: skypefb.com.</Info>
      <Info Time="2018-11-01 17:37:04Z">Found "AccountDomainAdminsSid": True</Info>
      <Info Time="2018-11-01 17:37:04Z">Access control list (ACL) already exists.</Info>
      <Info Time="2018-11-01 17:37:04Z">"accessPermissions" permissions for "AccountDomainAdminsSid" on "Software\microsoft\ole\MachineAccessRestriction".</Info>
      <Info Time="2018-11-01 17:37:04Z">Found "SYSTEM": True</Info>
      <Info Time="2018-11-01 17:37:04Z">Access control list (ACL) already exists.</Info>
      <Info Time="2018-11-01 17:37:04Z">"accessPermissions" permissions for "LocalSystem" on "Software\microsoft\ole\MachineAccessRestriction".</Info>
      <Info Time="2018-11-01 17:37:04Z">Found "RTC Local Administrators": True</Info>
      <Info Time="2018-11-01 17:37:04Z">Access control list (ACL) already exists.</Info>
      <Info Time="2018-11-01 17:37:04Z">"accessPermissions" permissions for "RTC Local Administrators" on "Software\microsoft\ole\MachineAccessRestriction".</Info>
      <Info Time="2018-11-01 17:37:04Z">Found "RTC Local User Administrators": True</Info>
      <Info Time="2018-11-01 17:37:04Z">Access control list (ACL) already exists.</Info>
      <Info Time="2018-11-01 17:37:04Z">"accessPermissions" permissions for "RTC Local User Administrators" on "Software\microsoft\ole\MachineAccessRestriction".</Info>
      <Info Time="2018-11-01 17:37:04Z">Found "RTC Server Local Group": True</Info>
      <Info Time="2018-11-01 17:37:04Z">Access control list (ACL) already exists.</Info>
      <Info Time="2018-11-01 17:37:04Z">"accessPermissions" permissions for "RTC Server Local Group" on "Software\microsoft\ole\MachineAccessRestriction".</Info>
      <Info Time="2018-11-01 17:37:04Z">Found "RTC Component Local Group": True</Info>
      <Info Time="2018-11-01 17:37:04Z">Access control list (ACL) already exists.</Info>
      <Info Time="2018-11-01 17:37:04Z">"accessPermissions" permissions for "RTC Component Local Group" on "Software\microsoft\ole\MachineAccessRestriction".</Info>
      <Info Time="2018-11-01 17:37:04Z">Found "RTC Local Read-only Administrators": True</Info>
      <Info Time="2018-11-01 17:37:04Z">Access control list (ACL) already exists.</Info>
      <Info Time="2018-11-01 17:37:04Z">"accessPermissions" permissions for "RTC Local Read-only Administrators" on "Software\microsoft\ole\MachineAccessRestriction".</Info>
      <Info Time="2018-11-01 17:37:04Z">Current domain: skypefb.com.</Info>
      <Info Time="2018-11-01 17:37:04Z">Found "AccountDomainAdminsSid": True</Info>
      <Info Time="2018-11-01 17:37:04Z">Access control list (ACL) already exists.</Info>
      <Info Time="2018-11-01 17:37:04Z">"activationPermissions" permissions for "AccountDomainAdminsSid" on "Software\microsoft\ole\MachineLaunchRestriction".</Info>
      <Info Time="2018-11-01 17:37:04Z">Found "SYSTEM": True</Info>
      <Info Time="2018-11-01 17:37:04Z">Access control list (ACL) already exists.</Info>
      <Info Time="2018-11-01 17:37:04Z">"activationPermissions" permissions for "LocalSystem" on "Software\microsoft\ole\MachineLaunchRestriction".</Info>
      <Info Time="2018-11-01 17:37:04Z">Found "RTC Local Administrators": True</Info>
      <Info Time="2018-11-01 17:37:04Z">Access control list (ACL) already exists.</Info>
      <Info Time="2018-11-01 17:37:04Z">"activationPermissions" permissions for "RTC Local Administrators" on "Software\microsoft\ole\MachineLaunchRestriction".</Info>
      <Info Time="2018-11-01 17:37:04Z">Found "RTC Local User Administrators": True</Info>
      <Info Time="2018-11-01 17:37:04Z">Access control list (ACL) already exists.</Info>
      <Info Time="2018-11-01 17:37:04Z">"activationPermissions" permissions for "RTC Local User Administrators" on "Software\microsoft\ole\MachineLaunchRestriction".</Info>
      <Info Time="2018-11-01 17:37:04Z">Found "RTC Server Local Group": True</Info>
      <Info Time="2018-11-01 17:37:04Z">Access control list (ACL) already exists.</Info>
      <Info Time="2018-11-01 17:37:04Z">"activationPermissions" permissions for "RTC Server Local Group" on "Software\microsoft\ole\MachineLaunchRestriction".</Info>
      <Info Time="2018-11-01 17:37:04Z">Found "RTC Component Local Group": True</Info>
      <Info Time="2018-11-01 17:37:04Z">Access control list (ACL) already exists.</Info>
      <Info Time="2018-11-01 17:37:04Z">"activationPermissions" permissions for "RTC Component Local Group" on "Software\microsoft\ole\MachineLaunchRestriction".</Info>
      <Info Time="2018-11-01 17:37:04Z">Found "RTC Local Read-only Administrators": True</Info>
      <Info Time="2018-11-01 17:37:04Z">Access control list (ACL) already exists.</Info>
      <Info Time="2018-11-01 17:37:04Z">"activationPermissions" permissions for "RTC Local Read-only Administrators" on "Software\microsoft\ole\MachineLaunchRestriction".</Info>
      <Info Time="2018-11-01 17:37:04Z">Writing activation key for UserServices to registry</Info>
      <Action Name="HealthAgent" Time="2018-11-01 17:37:04Z">
        <Info Title="Host" Time="2018-11-01 17:37:04Z">VM-SFB-FE01.skypefb.com</Info>
        <Info Time="2018-11-01 17:37:04Z">Changing service failure actions flag of service "RTCHA" to "True".</Info>
        <Info Time="2018-11-01 17:37:04Z">"CS RTCHA" is already in the firewall exception list.</Info>
        <Info Time="2018-11-01 17:37:04Z">Service ID type of service "RTCHA": "Unrestricted"</Info>
        <Info Time="2018-11-01 17:37:04Z">Found "RTCComponentUniversalServices": True</Info>
        <Info Time="2018-11-01 17:37:04Z">"RTCComponentUniversalServices" added to "RTC Component Local Group".</Info>
        <Info Time="2018-11-01 17:37:04Z">"RTCHA" added to "RTC Component Local Group".</Info>
        <Info Time="2018-11-01 17:37:04Z">"RTCHA" added to "RTC Local Read-only Administrators".</Info>
        <Complete Time="2018-11-01 17:37:04Z" />
      </Action>
      <Info Time="2018-11-01 17:37:04Z">"CS TCP135" is already in the firewall exception list.</Info>
      <Info Time="2018-11-01 17:37:04Z">"CS TCP444" is already in the firewall exception list.</Info>
      <Info Time="2018-11-01 17:37:04Z">Command "netsh http add urlacl url=https://+:443/LiveServer/UserPinManagement/ user="NT AUTHORITY\NETWORK SERVICE"" returned "0".</Info>
      <Complete Time="2018-11-01 17:37:04Z" />
    </Action>
    <Action Name="ApplicationServer:VM-SFB-FE01.skypefb.com" Time="2018-11-01 17:37:04Z">
      <Info Title="Role" Time="2018-11-01 17:37:04Z">ApplicationServer</Info>
      <Info Title="Host" Time="2018-11-01 17:37:04Z">VM-SFB-FE01.skypefb.com</Info>
      <Info Time="2018-11-01 17:37:04Z">"RTCComponentUniversalServices" added to "RTC Component Local Group".</Info>
      <Info Time="2018-11-01 17:37:04Z">Writing activation key for ApplicationServer to registry</Info>
      <Info Time="2018-11-01 17:37:04Z">"CS OcsAppServerHost.exe" is already in the firewall exception list.</Info>
      <Action Name="testbot" Time="2018-11-01 17:37:04Z">
        <Info Title="Application" Time="2018-11-01 17:37:04Z">testbot</Info>
        <Info Title="Host" Time="2018-11-01 17:37:04Z">VM-SFB-FE01.skypefb.com</Info>
        <Info Time="2018-11-01 17:37:04Z">Creating the service.</Info>
        <Info Time="2018-11-01 17:37:04Z">Resetting the properties on the existing service.</Info>
        <Info Time="2018-11-01 17:37:04Z">Setting the description for the service.</Info>
        <Info Time="2018-11-01 17:37:04Z">Setting the restart logic on the service.</Info>
        <Complete Time="2018-11-01 17:37:04Z" />
      </Action>
      <Action Name="Cps" Time="2018-11-01 17:37:04Z">
        <Info Title="Application" Time="2018-11-01 17:37:04Z">Cps</Info>
        <Info Title="Host" Time="2018-11-01 17:37:04Z">VM-SFB-FE01.skypefb.com</Info>
        <Info Time="2018-11-01 17:37:04Z">Creating the service.</Info>
        <Info Time="2018-11-01 17:37:04Z">Resetting the properties on the existing service.</Info>
        <Info Time="2018-11-01 17:37:04Z">Setting the description for the service.</Info>
        <Info Time="2018-11-01 17:37:04Z">Setting the restart logic on the service.</Info>
        <Complete Time="2018-11-01 17:37:04Z" />
      </Action>
      <Action Name="RGS" Time="2018-11-01 17:37:04Z">
        <Info Title="Application" Time="2018-11-01 17:37:04Z">RGS</Info>
        <Info Title="Host" Time="2018-11-01 17:37:04Z">VM-SFB-FE01.skypefb.com</Info>
        <Info Time="2018-11-01 17:37:04Z">Creating the service.</Info>
        <Info Time="2018-11-01 17:37:04Z">Resetting the properties on the existing service.</Info>
        <Info Time="2018-11-01 17:37:04Z">Setting the description for the service.</Info>
        <Info Time="2018-11-01 17:37:04Z">Setting the restart logic on the service.</Info>
        <Complete Time="2018-11-01 17:37:04Z" />
      </Action>
      <Action Name="Cas" Time="2018-11-01 17:37:04Z">
        <Info Title="Application" Time="2018-11-01 17:37:04Z">Cas</Info>
        <Info Title="Host" Time="2018-11-01 17:37:04Z">VM-SFB-FE01.skypefb.com</Info>
        <Info Time="2018-11-01 17:37:04Z">Creating the service.</Info>
        <Info Time="2018-11-01 17:37:04Z">Resetting the properties on the existing service.</Info>
        <Info Time="2018-11-01 17:37:04Z">Setting the description for the service.</Info>
        <Info Time="2018-11-01 17:37:04Z">Setting the restart logic on the service.</Info>
        <Complete Time="2018-11-01 17:37:04Z" />
      </Action>
      <Action Name="Caa" Time="2018-11-01 17:37:04Z">
        <Info Title="Application" Time="2018-11-01 17:37:04Z">Caa</Info>
        <Info Title="Host" Time="2018-11-01 17:37:04Z">VM-SFB-FE01.skypefb.com</Info>
        <Info Time="2018-11-01 17:37:04Z">Creating the service.</Info>
        <Info Time="2018-11-01 17:37:04Z">Resetting the properties on the existing service.</Info>
        <Info Time="2018-11-01 17:37:04Z">Setting the description for the service.</Info>
        <Info Time="2018-11-01 17:37:04Z">Setting the restart logic on the service.</Info>
        <Complete Time="2018-11-01 17:37:04Z" />
      </Action>
      <Complete Time="2018-11-01 17:37:04Z" />
    </Action>
    <Action Name="ApplicationDatabase:VM-SFB-FE01.skypefb.com" Time="2018-11-01 17:37:04Z">
      <Info Title="Role" Time="2018-11-01 17:37:04Z">ApplicationStore</Info>
      <Info Title="Host" Time="2018-11-01 17:37:04Z">VM-SFB-FE01.skypefb.com</Info>
      <Info Time="2018-11-01 17:37:04Z">Writing activation key for ApplicationStore to registry</Info>
      <Complete Time="2018-11-01 17:37:04Z" />
    </Action>
    <Action Name="CentralManagement:VM-SFB-FE01.skypefb.com" Time="2018-11-01 17:37:04Z">
      <Info Title="Role" Time="2018-11-01 17:37:04Z">CentralMgmt</Info>
      <Info Title="Host" Time="2018-11-01 17:37:04Z">VM-SFB-FE01.skypefb.com</Info>
      <Info Time="2018-11-01 17:37:04Z">Changing service failure actions flag of service "MASTER" to "True".</Info>
      <Info Time="2018-11-01 17:37:04Z">"CS MASTER" is already in the firewall exception list.</Info>
      <Info Time="2018-11-01 17:37:04Z">Service ID type of service "MASTER": "Unrestricted"</Info>
      <Info Time="2018-11-01 17:37:04Z">Changing service failure actions flag of service "FTA" to "True".</Info>
      <Info Time="2018-11-01 17:37:04Z">"CS FTA" is already in the firewall exception list.</Info>
      <Info Time="2018-11-01 17:37:04Z">Service ID type of service "FTA": "Unrestricted"</Info>
      <Info Time="2018-11-01 17:37:04Z">Found "RTCUniversalConfigReplicator": True</Info>
      <Info Time="2018-11-01 17:37:04Z">"RTCUniversalConfigReplicator" added to "RTC Local Config Replicator".</Info>
      <Info Time="2018-11-01 17:37:04Z">"MASTER" added to "RTC Local Config Replicator".</Info>
      <Info Time="2018-11-01 17:37:04Z">"FTA" added to "RTC Local Config Replicator".</Info>
      <Info Time="2018-11-01 17:37:04Z">Writing activation key for CentralMgmt to registry</Info>
      <Action Name="CMSMaster" Time="2018-11-01 17:37:04Z">
        <Info Title="Host" Time="2018-11-01 17:37:04Z">VM-SFB-FE01.skypefb.com</Info>
        <Complete Time="2018-11-01 17:37:04Z" />
      </Action>
      <Action Name="CMSFileTransfer" Time="2018-11-01 17:37:04Z">
        <Info Title="Host" Time="2018-11-01 17:37:04Z">VM-SFB-FE01.skypefb.com</Info>
        <Complete Time="2018-11-01 17:37:04Z" />
      </Action>
      <Complete Time="2018-11-01 17:37:04Z" />
    </Action>
    <Action Name="CentralManagementDatabase:VM-SFB-FE01.skypefb.com" Time="2018-11-01 17:37:04Z">
      <Info Title="Role" Time="2018-11-01 17:37:04Z">CentralMgmtStore</Info>
      <Info Title="Host" Time="2018-11-01 17:37:04Z">VM-SFB-FE01.skypefb.com</Info>
      <Info Time="2018-11-01 17:37:04Z">Writing activation key for CentralMgmtStore to registry</Info>
      <Complete Time="2018-11-01 17:37:04Z" />
    </Action>
    <Action Name="ConferencingServer:VM-SFB-FE01.skypefb.com" Time="2018-11-01 17:37:04Z">
      <Info Title="Role" Time="2018-11-01 17:37:04Z">ConfServices</Info>
      <Info Title="Host" Time="2018-11-01 17:37:04Z">VM-SFB-FE01.skypefb.com</Info>
      <Info Time="2018-11-01 17:37:04Z">Writing activation key for ConfServices to registry</Info>
      <Action Name="IMConf" Time="2018-11-01 17:37:04Z">
        <Info Title="Host" Time="2018-11-01 17:37:04Z">VM-SFB-FE01.skypefb.com</Info>
        <Info Time="2018-11-01 17:37:04Z">Changing service failure actions flag of service "RTCIMMCU" to "True".</Info>
        <Info Time="2018-11-01 17:37:04Z">"CS RTCIMMCU" is already in the firewall exception list.</Info>
        <Info Time="2018-11-01 17:37:04Z">Service ID type of service "RTCIMMCU": "Unrestricted"</Info>
        <Info Time="2018-11-01 17:37:04Z">"RTCComponentUniversalServices" added to "RTC Component Local Group".</Info>
        <Info Time="2018-11-01 17:37:04Z">"RTCIMMCU" added to "RTC Component Local Group".</Info>
        <Complete Time="2018-11-01 17:37:04Z" />
      </Action>
      <Action Name="DataConf" Time="2018-11-01 17:37:04Z">
        <Info Title="Host" Time="2018-11-01 17:37:04Z">VM-SFB-FE01.skypefb.com</Info>
        <Info Time="2018-11-01 17:37:04Z">Changing service failure actions flag of service "RTCDATAMCU" to "True".</Info>
        <Info Time="2018-11-01 17:37:04Z">"CS RTCDATAMCU" is already in the firewall exception list.</Info>
        <Info Time="2018-11-01 17:37:04Z">Service ID type of service "RTCDATAMCU": "Unrestricted"</Info>
        <Info Time="2018-11-01 17:37:04Z">"RTCComponentUniversalServices" added to "RTC Component Local Group".</Info>
        <Info Time="2018-11-01 17:37:04Z">"RTCDATAMCU" added to "RTC Component Local Group".</Info>
        <Complete Time="2018-11-01 17:37:04Z" />
      </Action>
      <Action Name="AppSharingConf" Time="2018-11-01 17:37:04Z">
        <Info Title="Host" Time="2018-11-01 17:37:04Z">VM-SFB-FE01.skypefb.com</Info>
        <Info Time="2018-11-01 17:37:04Z">Changing service failure actions flag of service "RTCASMCU" to "True".</Info>
        <Info Time="2018-11-01 17:37:04Z">"CS RTCASMCU" is already in the firewall exception list.</Info>
        <Info Time="2018-11-01 17:37:04Z">Service ID type of service "RTCASMCU": "Unrestricted"</Info>
        <Info Time="2018-11-01 17:37:04Z">"RTCComponentUniversalServices" added to "RTC Component Local Group".</Info>
        <Info Time="2018-11-01 17:37:04Z">"RTCASMCU" added to "RTC Component Local Group".</Info>
        <Complete Time="2018-11-01 17:37:04Z" />
      </Action>
      <Action Name="AVConf" Time="2018-11-01 17:37:04Z">
        <Info Title="Host" Time="2018-11-01 17:37:04Z">VM-SFB-FE01.skypefb.com</Info>
        <Info Time="2018-11-01 17:37:04Z">Changing service failure actions flag of service "RTCAVMCU" to "True".</Info>
        <Info Time="2018-11-01 17:37:04Z">"CS RTCAVMCU" is already in the firewall exception list.</Info>
        <Info Time="2018-11-01 17:37:04Z">Service ID type of service "RTCAVMCU": "Unrestricted"</Info>
        <Info Time="2018-11-01 17:37:04Z">"RTCComponentUniversalServices" added to "RTC Component Local Group".</Info>
        <Info Time="2018-11-01 17:37:04Z">"RTCAVMCU" added to "RTC Component Local Group".</Info>
        <Complete Time="2018-11-01 17:37:04Z" />
      </Action>
      <Info Time="2018-11-01 17:37:04Z">"CS TCP444" is already in the firewall exception list.</Info>
      <Complete Time="2018-11-01 17:37:04Z" />
    </Action>
    <Action Name="FileStore:VM-SFB-FE01.skypefb.com" Time="2018-11-01 17:37:04Z">
      <Info Title="Role" Time="2018-11-01 17:37:04Z">FileStore</Info>
      <Info Title="Host" Time="2018-11-01 17:37:04Z">VM-SFB-FE01.skypefb.com</Info>
      <Info Time="2018-11-01 17:37:04Z">Writing activation key for FileStore to registry</Info>
      <Info Time="2018-11-01 17:37:04Z">Found "RTC Component Local Group": True</Info>
      <Info Time="2018-11-01 17:37:04Z">Access control list (ACL) is ready.</Info>
      <Info Title="Acl" Time="2018-11-01 17:37:04Z">"AccessRead" permissions for "RTC Component Local Group" on "\\VM-SFB-FE01.skypefb.com\LyncShare".</Info>
      <Info Time="2018-11-01 17:37:04Z">Found "RTC Component Local Group": True</Info>
      <Info Time="2018-11-01 17:37:04Z">Access control list (ACL) is ready.</Info>
      <Info Title="Acl" Time="2018-11-01 17:37:04Z">"AccessRead" permissions for "RTC Component Local Group" on "\\VM-SFB-FE01.skypefb.com\LyncShare\1-WebServices-1\ABFiles".</Info>
      <Info Time="2018-11-01 17:37:04Z">Found "NETWORK SERVICE": True</Info>
      <Info Time="2018-11-01 17:37:04Z">Access control list (ACL) is ready.</Info>
      <Info Title="Acl" Time="2018-11-01 17:37:04Z">"AccessRead" permissions for "NetworkService" on "\\VM-SFB-FE01.skypefb.com\LyncShare".</Info>
      <Info Time="2018-11-01 17:37:04Z">Found "NETWORK SERVICE": True</Info>
      <Info Time="2018-11-01 17:37:04Z">Access control list (ACL) is ready.</Info>
      <Info Title="Acl" Time="2018-11-01 17:37:04Z">"AccessRead" permissions for "NetworkService" on "\\VM-SFB-FE01.skypefb.com\LyncShare\1-WebServices-1\ABFiles".</Info>
      <Info Time="2018-11-01 17:37:04Z">Found "RTC Server Local Group": True</Info>
      <Info Time="2018-11-01 17:37:04Z">Access control list (ACL) is ready.</Info>
      <Info Title="Acl" Time="2018-11-01 17:37:04Z">"AccessWrite" permissions for "RTC Server Local Group" on "\\VM-SFB-FE01.skypefb.com\LyncShare".</Info>
      <Info Time="2018-11-01 17:37:04Z">Found "RTC Server Local Group": True</Info>
      <Info Time="2018-11-01 17:37:04Z">Access control list (ACL) is ready.</Info>
      <Info Title="Acl" Time="2018-11-01 17:37:04Z">"AccessWrite" permissions for "RTC Server Local Group" on "\\VM-SFB-FE01.skypefb.com\LyncShare\1-WebServices-1\ABFiles".</Info>
      <Info Time="2018-11-01 17:37:04Z">Found "NETWORK SERVICE": True</Info>
      <Info Time="2018-11-01 17:37:04Z">Access control list (ACL) is ready.</Info>
      <Info Title="Acl" Time="2018-11-01 17:37:04Z">"AccessWrite" permissions for "NetworkService" on "\\VM-SFB-FE01.skypefb.com\LyncShare".</Info>
      <Info Time="2018-11-01 17:37:04Z">Found "NETWORK SERVICE": True</Info>
      <Info Time="2018-11-01 17:37:04Z">Access control list (ACL) is ready.</Info>
      <Info Title="Acl" Time="2018-11-01 17:37:04Z">"AccessWrite" permissions for "NetworkService" on "\\VM-SFB-FE01.skypefb.com\LyncShare\1-WebServices-1\ABFiles".</Info>
      <Info Time="2018-11-01 17:37:04Z">Found "RTC Component Local Group": True</Info>
      <Info Time="2018-11-01 17:37:04Z">Access control list (ACL) is ready.</Info>
      <Info Title="Acl" Time="2018-11-01 17:37:04Z">"AccessRead" permissions for "RTC Component Local Group" on "\\VM-SFB-FE01.skypefb.com\LyncShare".</Info>
      <Info Time="2018-11-01 17:37:04Z">Found "RTC Component Local Group": True</Info>
      <Info Time="2018-11-01 17:37:04Z">Access control list (ACL) is ready.</Info>
      <Info Title="Acl" Time="2018-11-01 17:37:04Z">"AccessRead" permissions for "RTC Component Local Group" on "\\VM-SFB-FE01.skypefb.com\LyncShare\1-WebServices-1\DeviceUpdateStore".</Info>
      <Info Time="2018-11-01 17:37:04Z">Found "NETWORK SERVICE": True</Info>
      <Info Time="2018-11-01 17:37:04Z">Access control list (ACL) is ready.</Info>
      <Info Title="Acl" Time="2018-11-01 17:37:04Z">"AccessRead" permissions for "NetworkService" on "\\VM-SFB-FE01.skypefb.com\LyncShare".</Info>
      <Info Time="2018-11-01 17:37:04Z">Found "NETWORK SERVICE": True</Info>
      <Info Time="2018-11-01 17:37:04Z">Access control list (ACL) is ready.</Info>
      <Info Title="Acl" Time="2018-11-01 17:37:04Z">"AccessRead" permissions for "NetworkService" on "\\VM-SFB-FE01.skypefb.com\LyncShare\1-WebServices-1\DeviceUpdateStore".</Info>
      <Info Time="2018-11-01 17:37:04Z">Found "RTC Local Administrators": True</Info>
      <Info Time="2018-11-01 17:37:04Z">Access control list (ACL) is ready.</Info>
      <Info Title="Acl" Time="2018-11-01 17:37:04Z">"AccessWrite" permissions for "RTC Local Administrators" on "\\VM-SFB-FE01.skypefb.com\LyncShare".</Info>
      <Info Time="2018-11-01 17:37:04Z">Found "RTC Local Administrators": True</Info>
      <Info Time="2018-11-01 17:37:04Z">Access control list (ACL) is ready.</Info>
      <Info Title="Acl" Time="2018-11-01 17:37:04Z">"AccessWrite" permissions for "RTC Local Administrators" on "\\VM-SFB-FE01.skypefb.com\LyncShare\1-WebServices-1\DeviceUpdateStore".</Info>
      <Info Time="2018-11-01 17:37:04Z">Found "RTC Component Local Group": True</Info>
      <Info Time="2018-11-01 17:37:04Z">Access control list (ACL) is ready.</Info>
      <Info Title="Acl" Time="2018-11-01 17:37:04Z">"AccessWrite" permissions for "RTC Component Local Group" on "\\VM-SFB-FE01.skypefb.com\LyncShare".</Info>
      <Info Time="2018-11-01 17:37:04Z">Found "RTC Component Local Group": True</Info>
      <Info Time="2018-11-01 17:37:04Z">Access control list (ACL) is ready.</Info>
      <Info Title="Acl" Time="2018-11-01 17:37:04Z">"AccessWrite" permissions for "RTC Component Local Group" on "\\VM-SFB-FE01.skypefb.com\LyncShare\1-WebServices-1\DeviceUpdateLogs".</Info>
      <Info Time="2018-11-01 17:37:04Z">Found "RTC Server Local Group": True</Info>
      <Info Time="2018-11-01 17:37:04Z">Access control list (ACL) is ready.</Info>
      <Info Title="Acl" Time="2018-11-01 17:37:04Z">"AccessWrite" permissions for "RTC Server Local Group" on "\\VM-SFB-FE01.skypefb.com\LyncShare".</Info>
      <Info Time="2018-11-01 17:37:04Z">Found "RTC Server Local Group": True</Info>
      <Info Time="2018-11-01 17:37:04Z">Access control list (ACL) is ready.</Info>
      <Info Title="Acl" Time="2018-11-01 17:37:04Z">"AccessWrite" permissions for "RTC Server Local Group" on "\\VM-SFB-FE01.skypefb.com\LyncShare\1-WebServices-1\DeviceUpdateLogs".</Info>
      <Info Time="2018-11-01 17:37:04Z">Found "NETWORK SERVICE": True</Info>
      <Info Time="2018-11-01 17:37:04Z">Access control list (ACL) is ready.</Info>
      <Info Title="Acl" Time="2018-11-01 17:37:04Z">"AccessWrite" permissions for "NetworkService" on "\\VM-SFB-FE01.skypefb.com\LyncShare".</Info>
      <Info Time="2018-11-01 17:37:04Z">Found "NETWORK SERVICE": True</Info>
      <Info Time="2018-11-01 17:37:04Z">Access control list (ACL) is ready.</Info>
      <Info Title="Acl" Time="2018-11-01 17:37:04Z">"AccessWrite" permissions for "NetworkService" on "\\VM-SFB-FE01.skypefb.com\LyncShare\1-WebServices-1\DeviceUpdateLogs".</Info>
      <Info Time="2018-11-01 17:37:04Z">Found "RTC Component Local Group": True</Info>
      <Info Time="2018-11-01 17:37:04Z">Access control list (ACL) is ready.</Info>
      <Info Title="Acl" Time="2018-11-01 17:37:04Z">"AccessWrite" permissions for "RTC Component Local Group" on "\\VM-SFB-FE01.skypefb.com\LyncShare".</Info>
      <Info Time="2018-11-01 17:37:04Z">Found "RTC Component Local Group": True</Info>
      <Info Time="2018-11-01 17:37:04Z">Access control list (ACL) is ready.</Info>
      <Info Title="Acl" Time="2018-11-01 17:37:04Z">"AccessWrite" permissions for "RTC Component Local Group" on "\\VM-SFB-FE01.skypefb.com\LyncShare\1-WebServices-1\DataConf".</Info>
      <Info Time="2018-11-01 17:37:04Z">Found "NETWORK SERVICE": True</Info>
      <Info Time="2018-11-01 17:37:04Z">Access control list (ACL) is ready.</Info>
      <Info Title="Acl" Time="2018-11-01 17:37:04Z">"AccessWrite" permissions for "NetworkService" on "\\VM-SFB-FE01.skypefb.com\LyncShare".</Info>
      <Info Time="2018-11-01 17:37:04Z">Found "NETWORK SERVICE": True</Info>
      <Info Time="2018-11-01 17:37:04Z">Access control list (ACL) is ready.</Info>
      <Info Title="Acl" Time="2018-11-01 17:37:04Z">"AccessWrite" permissions for "NetworkService" on "\\VM-SFB-FE01.skypefb.com\LyncShare\1-WebServices-1\DataConf".</Info>
      <Info Time="2018-11-01 17:37:04Z">Found "RTC Component Local Group": True</Info>
      <Info Time="2018-11-01 17:37:04Z">Access control list (ACL) is ready.</Info>
      <Info Title="Acl" Time="2018-11-01 17:37:04Z">"AccessWrite" permissions for "RTC Component Local Group" on "\\VM-SFB-FE01.skypefb.com\LyncShare".</Info>
      <Info Time="2018-11-01 17:37:04Z">Found "RTC Component Local Group": True</Info>
      <Info Time="2018-11-01 17:37:04Z">Access control list (ACL) is ready.</Info>
      <Info Title="Acl" Time="2018-11-01 17:37:04Z">"AccessWrite" permissions for "RTC Component Local Group" on "\\VM-SFB-FE01.skypefb.com\LyncShare\1-WebServices-1\CollabContent".</Info>
      <Info Time="2018-11-01 17:37:04Z">Found "NETWORK SERVICE": True</Info>
      <Info Time="2018-11-01 17:37:04Z">Access control list (ACL) is ready.</Info>
      <Info Title="Acl" Time="2018-11-01 17:37:04Z">"AccessWrite" permissions for "NetworkService" on "\\VM-SFB-FE01.skypefb.com\LyncShare".</Info>
      <Info Time="2018-11-01 17:37:04Z">Found "NETWORK SERVICE": True</Info>
      <Info Time="2018-11-01 17:37:04Z">Access control list (ACL) is ready.</Info>
      <Info Title="Acl" Time="2018-11-01 17:37:04Z">"AccessWrite" permissions for "NetworkService" on "\\VM-SFB-FE01.skypefb.com\LyncShare\1-WebServices-1\CollabContent".</Info>
      <Info Time="2018-11-01 17:37:04Z">Found "RTC Component Local Group": True</Info>
      <Info Time="2018-11-01 17:37:04Z">Access control list (ACL) is ready.</Info>
      <Info Title="Acl" Time="2018-11-01 17:37:04Z">"AccessWrite" permissions for "RTC Component Local Group" on "\\VM-SFB-FE01.skypefb.com\LyncShare".</Info>
      <Info Time="2018-11-01 17:37:04Z">Found "RTC Component Local Group": True</Info>
      <Info Time="2018-11-01 17:37:04Z">Access control list (ACL) is ready.</Info>
      <Info Title="Acl" Time="2018-11-01 17:37:04Z">"AccessWrite" permissions for "RTC Component Local Group" on "\\VM-SFB-FE01.skypefb.com\LyncShare\1-WebServices-1\CollabMetadata".</Info>
      <Info Time="2018-11-01 17:37:04Z">Found "NETWORK SERVICE": True</Info>
      <Info Time="2018-11-01 17:37:04Z">Access control list (ACL) is ready.</Info>
      <Info Title="Acl" Time="2018-11-01 17:37:04Z">"AccessWrite" permissions for "NetworkService" on "\\VM-SFB-FE01.skypefb.com\LyncShare".</Info>
      <Info Time="2018-11-01 17:37:04Z">Found "NETWORK SERVICE": True</Info>
      <Info Time="2018-11-01 17:37:04Z">Access control list (ACL) is ready.</Info>
      <Info Title="Acl" Time="2018-11-01 17:37:04Z">"AccessWrite" permissions for "NetworkService" on "\\VM-SFB-FE01.skypefb.com\LyncShare\1-WebServices-1\CollabMetadata".</Info>
      <Info Time="2018-11-01 17:37:04Z">Found "RTC Component Local Group": True</Info>
      <Info Time="2018-11-01 17:37:04Z">Access control list (ACL) is ready.</Info>
      <Info Title="Acl" Time="2018-11-01 17:37:04Z">"AccessWrite" permissions for "RTC Component Local Group" on "\\VM-SFB-FE01.skypefb.com\LyncShare".</Info>
      <Info Time="2018-11-01 17:37:04Z">Found "RTC Component Local Group": True</Info>
      <Info Time="2018-11-01 17:37:04Z">Access control list (ACL) is ready.</Info>
      <Info Title="Acl" Time="2018-11-01 17:37:04Z">"AccessWrite" permissions for "RTC Component Local Group" on "\\VM-SFB-FE01.skypefb.com\LyncShare\1-WebServices-1\CollabJournal".</Info>
      <Info Time="2018-11-01 17:37:04Z">Found "NETWORK SERVICE": True</Info>
      <Info Time="2018-11-01 17:37:04Z">Access control list (ACL) is ready.</Info>
      <Info Title="Acl" Time="2018-11-01 17:37:04Z">"AccessWrite" permissions for "NetworkService" on "\\VM-SFB-FE01.skypefb.com\LyncShare".</Info>
      <Info Time="2018-11-01 17:37:04Z">Found "NETWORK SERVICE": True</Info>
      <Info Time="2018-11-01 17:37:04Z">Access control list (ACL) is ready.</Info>
      <Info Title="Acl" Time="2018-11-01 17:37:04Z">"AccessWrite" permissions for "NetworkService" on "\\VM-SFB-FE01.skypefb.com\LyncShare\1-WebServices-1\CollabJournal".</Info>
      <Info Time="2018-11-01 17:37:04Z">Found "RTC Component Local Group": True</Info>
      <Info Time="2018-11-01 17:37:04Z">Access control list (ACL) is ready.</Info>
      <Info Title="Acl" Time="2018-11-01 17:37:04Z">"AccessWrite" permissions for "RTC Component Local Group" on "\\VM-SFB-FE01.skypefb.com\LyncShare".</Info>
      <Info Time="2018-11-01 17:37:04Z">Found "RTC Component Local Group": True</Info>
      <Info Time="2018-11-01 17:37:04Z">Access control list (ACL) is ready.</Info>
      <Info Title="Acl" Time="2018-11-01 17:37:04Z">"AccessWrite" permissions for "RTC Component Local Group" on "\\VM-SFB-FE01.skypefb.com\LyncShare\1-WebServices-1\LMStaticData".</Info>
      <Info Time="2018-11-01 17:37:04Z">Found "NETWORK SERVICE": True</Info>
      <Info Time="2018-11-01 17:37:04Z">Access control list (ACL) is ready.</Info>
      <Info Title="Acl" Time="2018-11-01 17:37:04Z">"AccessWrite" permissions for "NetworkService" on "\\VM-SFB-FE01.skypefb.com\LyncShare".</Info>
      <Info Time="2018-11-01 17:37:04Z">Found "NETWORK SERVICE": True</Info>
      <Info Time="2018-11-01 17:37:04Z">Access control list (ACL) is ready.</Info>
      <Info Title="Acl" Time="2018-11-01 17:37:04Z">"AccessWrite" permissions for "NetworkService" on "\\VM-SFB-FE01.skypefb.com\LyncShare\1-WebServices-1\LMStaticData".</Info>
      <Info Time="2018-11-01 17:37:04Z">Found "RTC Component Local Group": True</Info>
      <Info Time="2018-11-01 17:37:04Z">Access control list (ACL) is ready.</Info>
      <Info Title="Acl" Time="2018-11-01 17:37:04Z">"AccessWrite" permissions for "RTC Component Local Group" on "\\VM-SFB-FE01.skypefb.com\LyncShare".</Info>
      <Info Time="2018-11-01 17:37:04Z">Found "RTC Component Local Group": True</Info>
      <Info Time="2018-11-01 17:37:04Z">Access control list (ACL) is ready.</Info>
      <Info Title="Acl" Time="2018-11-01 17:37:04Z">"AccessWrite" permissions for "RTC Component Local Group" on "\\VM-SFB-FE01.skypefb.com\LyncShare\1-WebServices-1\StorageService".</Info>
      <Info Time="2018-11-01 17:37:04Z">Found "NETWORK SERVICE": True</Info>
      <Info Time="2018-11-01 17:37:04Z">Access control list (ACL) is ready.</Info>
      <Info Title="Acl" Time="2018-11-01 17:37:04Z">"AccessWrite" permissions for "NetworkService" on "\\VM-SFB-FE01.skypefb.com\LyncShare".</Info>
      <Info Time="2018-11-01 17:37:04Z">Found "NETWORK SERVICE": True</Info>
      <Info Time="2018-11-01 17:37:04Z">Access control list (ACL) is ready.</Info>
      <Info Title="Acl" Time="2018-11-01 17:37:04Z">"AccessWrite" permissions for "NetworkService" on "\\VM-SFB-FE01.skypefb.com\LyncShare\1-WebServices-1\StorageService".</Info>
      <Info Time="2018-11-01 17:37:04Z">Found "RTC Component Local Group": True</Info>
      <Info Time="2018-11-01 17:37:04Z">Access control list (ACL) is ready.</Info>
      <Info Title="Acl" Time="2018-11-01 17:37:04Z">"AccessWrite" permissions for "RTC Component Local Group" on "\\VM-SFB-FE01.skypefb.com\LyncShare".</Info>
      <Info Time="2018-11-01 17:37:04Z">Found "RTC Component Local Group": True</Info>
      <Info Time="2018-11-01 17:37:04Z">Access control list (ACL) is ready.</Info>
      <Info Title="Acl" Time="2018-11-01 17:37:04Z">"AccessWrite" permissions for "RTC Component Local Group" on "\\VM-SFB-FE01.skypefb.com\LyncShare\1-WebServices-1\WebAuthStore".</Info>
      <Info Time="2018-11-01 17:37:04Z">Found "NETWORK SERVICE": True</Info>
      <Info Time="2018-11-01 17:37:04Z">Access control list (ACL) is ready.</Info>
      <Info Title="Acl" Time="2018-11-01 17:37:04Z">"AccessWrite" permissions for "NetworkService" on "\\VM-SFB-FE01.skypefb.com\LyncShare".</Info>
      <Info Time="2018-11-01 17:37:04Z">Found "NETWORK SERVICE": True</Info>
      <Info Time="2018-11-01 17:37:04Z">Access control list (ACL) is ready.</Info>
      <Info Title="Acl" Time="2018-11-01 17:37:04Z">"AccessWrite" permissions for "NetworkService" on "\\VM-SFB-FE01.skypefb.com\LyncShare\1-WebServices-1\WebAuthStore".</Info>
      <Info Time="2018-11-01 17:37:04Z">Found "RTC Component Local Group": True</Info>
      <Info Time="2018-11-01 17:37:04Z">Access control list (ACL) is ready.</Info>
      <Info Title="Acl" Time="2018-11-01 17:37:04Z">"AccessWrite" permissions for "RTC Component Local Group" on "\\VM-SFB-FE01.skypefb.com\LyncShare".</Info>
      <Info Time="2018-11-01 17:37:04Z">Found "RTC Component Local Group": True</Info>
      <Info Time="2018-11-01 17:37:04Z">Access control list (ACL) is ready.</Info>
      <Info Title="Acl" Time="2018-11-01 17:37:04Z">"AccessWrite" permissions for "RTC Component Local Group" on "\\VM-SFB-FE01.skypefb.com\LyncShare\1-ApplicationServer-1\AppServerFiles".</Info>
      <Info Time="2018-11-01 17:37:04Z">Found "RTC Server Local Group": True</Info>
      <Info Time="2018-11-01 17:37:04Z">Access control list (ACL) is ready.</Info>
      <Info Title="Acl" Time="2018-11-01 17:37:04Z">"AccessWrite" permissions for "RTC Server Local Group" on "\\VM-SFB-FE01.skypefb.com\LyncShare".</Info>
      <Info Time="2018-11-01 17:37:04Z">Found "RTC Server Local Group": True</Info>
      <Info Time="2018-11-01 17:37:04Z">Access control list (ACL) is ready.</Info>
      <Info Title="Acl" Time="2018-11-01 17:37:04Z">"AccessWrite" permissions for "RTC Server Local Group" on "\\VM-SFB-FE01.skypefb.com\LyncShare\1-ApplicationServer-1\AppServerFiles".</Info>
      <Info Time="2018-11-01 17:37:04Z">Found "NETWORK SERVICE": True</Info>
      <Info Time="2018-11-01 17:37:04Z">Access control list (ACL) is ready.</Info>
      <Info Title="Acl" Time="2018-11-01 17:37:04Z">"AccessWrite" permissions for "NetworkService" on "\\VM-SFB-FE01.skypefb.com\LyncShare".</Info>
      <Info Time="2018-11-01 17:37:04Z">Found "NETWORK SERVICE": True</Info>
      <Info Time="2018-11-01 17:37:04Z">Access control list (ACL) is ready.</Info>
      <Info Title="Acl" Time="2018-11-01 17:37:04Z">"AccessWrite" permissions for "NetworkService" on "\\VM-SFB-FE01.skypefb.com\LyncShare\1-ApplicationServer-1\AppServerFiles".</Info>
      <Info Time="2018-11-01 17:37:04Z">Found "RTC Local Config Replicator": True</Info>
      <Info Time="2018-11-01 17:37:04Z">Access control list (ACL) is ready.</Info>
      <Info Title="Acl" Time="2018-11-01 17:37:04Z">"AccessWrite" permissions for "RTC Local Config Replicator" on "\\VM-SFB-FE01.skypefb.com\LyncShare".</Info>
      <Info Time="2018-11-01 17:37:04Z">Found "RTC Local Config Replicator": True</Info>
      <Info Time="2018-11-01 17:37:04Z">Access control list (ACL) is ready.</Info>
      <Info Title="Acl" Time="2018-11-01 17:37:04Z">"AccessWrite" permissions for "RTC Local Config Replicator" on "\\VM-SFB-FE01.skypefb.com\LyncShare\1-CentralMgmt-1\CMSFileStore".</Info>
      <Info Time="2018-11-01 17:37:04Z">Found "NETWORK SERVICE": True</Info>
      <Info Time="2018-11-01 17:37:04Z">Access control list (ACL) is ready.</Info>
      <Info Title="Acl" Time="2018-11-01 17:37:04Z">"AccessWrite" permissions for "NetworkService" on "\\VM-SFB-FE01.skypefb.com\LyncShare".</Info>
      <Info Time="2018-11-01 17:37:04Z">Found "NETWORK SERVICE": True</Info>
      <Info Time="2018-11-01 17:37:04Z">Access control list (ACL) is ready.</Info>
      <Info Title="Acl" Time="2018-11-01 17:37:04Z">"AccessWrite" permissions for "NetworkService" on "\\VM-SFB-FE01.skypefb.com\LyncShare\1-CentralMgmt-1\CMSFileStore".</Info>
      <Complete Time="2018-11-01 17:37:04Z" />
    </Action>
    <Action Name="MediationServer:VM-SFB-FE01.skypefb.com" Time="2018-11-01 17:37:04Z">
      <Info Title="Role" Time="2018-11-01 17:37:04Z">MediationServer</Info>
      <Info Title="Host" Time="2018-11-01 17:37:04Z">VM-SFB-FE01.skypefb.com</Info>
      <Info Time="2018-11-01 17:37:04Z">"CS TCP135" is already in the firewall exception list.</Info>
      <Info Time="2018-11-01 17:37:04Z">Changing service failure actions flag of service "RTCMEDSRV" to "True".</Info>
      <Info Time="2018-11-01 17:37:04Z">"CS RTCMEDSRV" is already in the firewall exception list.</Info>
      <Info Time="2018-11-01 17:37:04Z">Service ID type of service "RTCMEDSRV": "Unrestricted"</Info>
      <Info Time="2018-11-01 17:37:04Z">"RTCComponentUniversalServices" added to "RTC Component Local Group".</Info>
      <Info Time="2018-11-01 17:37:04Z">"RTCMEDSRV" added to "RTC Component Local Group".</Info>
      <Info Time="2018-11-01 17:37:04Z">Current domain: skypefb.com.</Info>
      <Info Time="2018-11-01 17:37:04Z">Found "AccountDomainAdminsSid": True</Info>
      <Info Time="2018-11-01 17:37:04Z">Access control list (ACL) already exists.</Info>
      <Info Time="2018-11-01 17:37:04Z">"accessPermissions" permissions for "AccountDomainAdminsSid" on "Software\microsoft\ole\MachineAccessRestriction".</Info>
      <Info Time="2018-11-01 17:37:04Z">Found "SYSTEM": True</Info>
      <Info Time="2018-11-01 17:37:04Z">Access control list (ACL) already exists.</Info>
      <Info Time="2018-11-01 17:37:04Z">"accessPermissions" permissions for "LocalSystem" on "Software\microsoft\ole\MachineAccessRestriction".</Info>
      <Info Time="2018-11-01 17:37:04Z">Found "RTC Local Administrators": True</Info>
      <Info Time="2018-11-01 17:37:04Z">Access control list (ACL) already exists.</Info>
      <Info Time="2018-11-01 17:37:04Z">"accessPermissions" permissions for "RTC Local Administrators" on "Software\microsoft\ole\MachineAccessRestriction".</Info>
      <Info Time="2018-11-01 17:37:04Z">Found "RTC Local User Administrators": True</Info>
      <Info Time="2018-11-01 17:37:04Z">Access control list (ACL) already exists.</Info>
      <Info Time="2018-11-01 17:37:04Z">"accessPermissions" permissions for "RTC Local User Administrators" on "Software\microsoft\ole\MachineAccessRestriction".</Info>
      <Info Time="2018-11-01 17:37:04Z">Found "RTC Server Local Group": True</Info>
      <Info Time="2018-11-01 17:37:04Z">Access control list (ACL) already exists.</Info>
      <Info Time="2018-11-01 17:37:04Z">"accessPermissions" permissions for "RTC Server Local Group" on "Software\microsoft\ole\MachineAccessRestriction".</Info>
      <Info Time="2018-11-01 17:37:04Z">Found "RTC Component Local Group": True</Info>
      <Info Time="2018-11-01 17:37:04Z">Access control list (ACL) already exists.</Info>
      <Info Time="2018-11-01 17:37:04Z">"accessPermissions" permissions for "RTC Component Local Group" on "Software\microsoft\ole\MachineAccessRestriction".</Info>
      <Info Time="2018-11-01 17:37:04Z">Found "RTC Local Read-only Administrators": True</Info>
      <Info Time="2018-11-01 17:37:04Z">Access control list (ACL) already exists.</Info>
      <Info Time="2018-11-01 17:37:04Z">"accessPermissions" permissions for "RTC Local Read-only Administrators" on "Software\microsoft\ole\MachineAccessRestriction".</Info>
      <Info Time="2018-11-01 17:37:04Z">Current domain: skypefb.com.</Info>
      <Info Time="2018-11-01 17:37:04Z">Found "AccountDomainAdminsSid": True</Info>
      <Info Time="2018-11-01 17:37:04Z">Access control list (ACL) already exists.</Info>
      <Info Time="2018-11-01 17:37:04Z">"activationPermissions" permissions for "AccountDomainAdminsSid" on "Software\microsoft\ole\MachineLaunchRestriction".</Info>
      <Info Time="2018-11-01 17:37:04Z">Found "SYSTEM": True</Info>
      <Info Time="2018-11-01 17:37:04Z">Access control list (ACL) already exists.</Info>
      <Info Time="2018-11-01 17:37:04Z">"activationPermissions" permissions for "LocalSystem" on "Software\microsoft\ole\MachineLaunchRestriction".</Info>
      <Info Time="2018-11-01 17:37:04Z">Found "RTC Local Administrators": True</Info>
      <Info Time="2018-11-01 17:37:04Z">Access control list (ACL) already exists.</Info>
      <Info Time="2018-11-01 17:37:04Z">"activationPermissions" permissions for "RTC Local Administrators" on "Software\microsoft\ole\MachineLaunchRestriction".</Info>
      <Info Time="2018-11-01 17:37:04Z">Found "RTC Local User Administrators": True</Info>
      <Info Time="2018-11-01 17:37:04Z">Access control list (ACL) already exists.</Info>
      <Info Time="2018-11-01 17:37:04Z">"activationPermissions" permissions for "RTC Local User Administrators" on "Software\microsoft\ole\MachineLaunchRestriction".</Info>
      <Info Time="2018-11-01 17:37:04Z">Found "RTC Server Local Group": True</Info>
      <Info Time="2018-11-01 17:37:04Z">Access control list (ACL) already exists.</Info>
      <Info Time="2018-11-01 17:37:04Z">"activationPermissions" permissions for "RTC Server Local Group" on "Software\microsoft\ole\MachineLaunchRestriction".</Info>
      <Info Time="2018-11-01 17:37:04Z">Found "RTC Component Local Group": True</Info>
      <Info Time="2018-11-01 17:37:04Z">Access control list (ACL) already exists.</Info>
      <Info Time="2018-11-01 17:37:04Z">"activationPermissions" permissions for "RTC Component Local Group" on "Software\microsoft\ole\MachineLaunchRestriction".</Info>
      <Info Time="2018-11-01 17:37:04Z">Found "RTC Local Read-only Administrators": True</Info>
      <Info Time="2018-11-01 17:37:04Z">Access control list (ACL) already exists.</Info>
      <Info Time="2018-11-01 17:37:04Z">"activationPermissions" permissions for "RTC Local Read-only Administrators" on "Software\microsoft\ole\MachineLaunchRestriction".</Info>
      <Info Time="2018-11-01 17:37:04Z">Writing activation key for MediationServer to registry</Info>
      <Info Time="2018-11-01 17:37:04Z">"CS TCP135" is already in the firewall exception list.</Info>
      <Complete Time="2018-11-01 17:37:04Z" />
    </Action>
    <Action Name="UserDatabase:VM-SFB-FE01.skypefb.com" Time="2018-11-01 17:37:04Z">
      <Info Title="Role" Time="2018-11-01 17:37:04Z">UserStore</Info>
      <Info Title="Host" Time="2018-11-01 17:37:04Z">VM-SFB-FE01.skypefb.com</Info>
      <Info Time="2018-11-01 17:37:04Z">Writing activation key for UserStore to registry</Info>
      <Info Time="2018-11-01 17:37:04Z">"CS UserStore SQL Access" is already in the firewall exception list.</Info>
      <Complete Time="2018-11-01 17:37:04Z" />
    </Action>
    <Action Name="WebServer:VM-SFB-FE01.skypefb.com" Time="2018-11-01 17:37:04Z">
      <Info Title="Role" Time="2018-11-01 17:37:04Z">WebServices</Info>
      <Info Title="Host" Time="2018-11-01 17:37:04Z">VM-SFB-FE01.skypefb.com</Info>
      <Info Time="2018-11-01 17:37:04Z">"CS TCP135" is already in the firewall exception list.</Info>
      <Info Time="2018-11-01 17:37:04Z">"CS TCP13457" is already in the firewall exception list.</Info>
      <Info Time="2018-11-01 17:37:04Z">"RTCComponentUniversalServices" added to "RTC Component Local Group".</Info>
      <Info Time="2018-11-01 17:37:04Z">"NETWORK SERVICE" added to "RTC Component Local Group".</Info>
      <Info Time="2018-11-01 17:37:04Z">"NETWORK SERVICE" added to "RTC Local Administrators".</Info>
      <Info Time="2018-11-01 17:37:04Z">Found "RTC Local Administrators": True</Info>
      <Info Time="2018-11-01 17:37:04Z">Access control list (ACL) already exists.</Info>
      <Info Time="2018-11-01 17:37:04Z">"accessPermissions" permissions for "RTC Local Administrators" on "AppID\{9fa5c497-f46d-447f-8011-05d03d7d7ddc}\AccessPermission".</Info>
      <Info Time="2018-11-01 17:37:04Z">Found "RTC Local Administrators": True</Info>
      <Info Time="2018-11-01 17:37:04Z">Access control list (ACL) already exists.</Info>
      <Info Time="2018-11-01 17:37:04Z">"fullPermissions" permissions for "RTC Local Administrators" on "AppID\{9fa5c497-f46d-447f-8011-05d03d7d7ddc}\LaunchPermission".</Info>
      <Info Time="2018-11-01 17:37:04Z">Found "RTC Local Administrators": True</Info>
      <Info Time="2018-11-01 17:37:04Z">Access control list (ACL) already exists.</Info>
      <Info Time="2018-11-01 17:37:04Z">"accessPermissions" permissions for "RTC Local Administrators" on "AppID\{119817C9-666D-4053-AEDA-627D0E25CCEF}\AccessPermission".</Info>
      <Info Time="2018-11-01 17:37:04Z">Found "RTC Local Administrators": True</Info>
      <Info Time="2018-11-01 17:37:04Z">Access control list (ACL) already exists.</Info>
      <Info Time="2018-11-01 17:37:04Z">"fullPermissions" permissions for "RTC Local Administrators" on "AppID\{119817C9-666D-4053-AEDA-627D0E25CCEF}\LaunchPermission".</Info>
      <Info Time="2018-11-01 17:37:04Z">Current domain: skypefb.com.</Info>
      <Info Time="2018-11-01 17:37:04Z">Found "AccountDomainAdminsSid": True</Info>
      <Info Time="2018-11-01 17:37:04Z">Access control list (ACL) already exists.</Info>
      <Info Time="2018-11-01 17:37:04Z">"accessPermissions" permissions for "AccountDomainAdminsSid" on "Software\microsoft\ole\MachineAccessRestriction".</Info>
      <Info Time="2018-11-01 17:37:04Z">Found "SYSTEM": True</Info>
      <Info Time="2018-11-01 17:37:04Z">Access control list (ACL) already exists.</Info>
      <Info Time="2018-11-01 17:37:04Z">"accessPermissions" permissions for "LocalSystem" on "Software\microsoft\ole\MachineAccessRestriction".</Info>
      <Info Time="2018-11-01 17:37:04Z">Found "RTC Local Administrators": True</Info>
      <Info Time="2018-11-01 17:37:04Z">Access control list (ACL) already exists.</Info>
      <Info Time="2018-11-01 17:37:04Z">"accessPermissions" permissions for "RTC Local Administrators" on "Software\microsoft\ole\MachineAccessRestriction".</Info>
      <Info Time="2018-11-01 17:37:04Z">Found "RTC Local User Administrators": True</Info>
      <Info Time="2018-11-01 17:37:04Z">Access control list (ACL) already exists.</Info>
      <Info Time="2018-11-01 17:37:04Z">"accessPermissions" permissions for "RTC Local User Administrators" on "Software\microsoft\ole\MachineAccessRestriction".</Info>
      <Info Time="2018-11-01 17:37:04Z">Found "RTC Server Local Group": True</Info>
      <Info Time="2018-11-01 17:37:04Z">Access control list (ACL) already exists.</Info>
      <Info Time="2018-11-01 17:37:04Z">"accessPermissions" permissions for "RTC Server Local Group" on "Software\microsoft\ole\MachineAccessRestriction".</Info>
      <Info Time="2018-11-01 17:37:04Z">Found "RTC Component Local Group": True</Info>
      <Info Time="2018-11-01 17:37:04Z">Access control list (ACL) already exists.</Info>
      <Info Time="2018-11-01 17:37:04Z">"accessPermissions" permissions for "RTC Component Local Group" on "Software\microsoft\ole\MachineAccessRestriction".</Info>
      <Info Time="2018-11-01 17:37:04Z">Found "RTC Local Read-only Administrators": True</Info>
      <Info Time="2018-11-01 17:37:04Z">Access control list (ACL) already exists.</Info>
      <Info Time="2018-11-01 17:37:04Z">"accessPermissions" permissions for "RTC Local Read-only Administrators" on "Software\microsoft\ole\MachineAccessRestriction".</Info>
      <Info Time="2018-11-01 17:37:04Z">Current domain: skypefb.com.</Info>
      <Info Time="2018-11-01 17:37:04Z">Found "AccountDomainAdminsSid": True</Info>
      <Info Time="2018-11-01 17:37:04Z">Access control list (ACL) already exists.</Info>
      <Info Time="2018-11-01 17:37:04Z">"activationPermissions" permissions for "AccountDomainAdminsSid" on "Software\microsoft\ole\MachineLaunchRestriction".</Info>
      <Info Time="2018-11-01 17:37:04Z">Found "SYSTEM": True</Info>
      <Info Time="2018-11-01 17:37:04Z">Access control list (ACL) already exists.</Info>
      <Info Time="2018-11-01 17:37:04Z">"activationPermissions" permissions for "LocalSystem" on "Software\microsoft\ole\MachineLaunchRestriction".</Info>
      <Info Time="2018-11-01 17:37:04Z">Found "RTC Local User Administrators": True</Info>
      <Info Time="2018-11-01 17:37:04Z">Access control list (ACL) already exists.</Info>
      <Info Time="2018-11-01 17:37:04Z">"activationPermissions" permissions for "RTC Local User Administrators" on "Software\microsoft\ole\MachineLaunchRestriction".</Info>
      <Info Time="2018-11-01 17:37:04Z">Found "RTC Server Local Group": True</Info>
      <Info Time="2018-11-01 17:37:04Z">Access control list (ACL) already exists.</Info>
      <Info Time="2018-11-01 17:37:04Z">"activationPermissions" permissions for "RTC Server Local Group" on "Software\microsoft\ole\MachineLaunchRestriction".</Info>
      <Info Time="2018-11-01 17:37:04Z">Found "RTC Component Local Group": True</Info>
      <Info Time="2018-11-01 17:37:04Z">Access control list (ACL) already exists.</Info>
      <Info Time="2018-11-01 17:37:04Z">"activationPermissions" permissions for "RTC Component Local Group" on "Software\microsoft\ole\MachineLaunchRestriction".</Info>
      <Info Time="2018-11-01 17:37:04Z">Found "RTC Local Read-only Administrators": True</Info>
      <Info Time="2018-11-01 17:37:04Z">Access control list (ACL) already exists.</Info>
      <Info Time="2018-11-01 17:37:04Z">"activationPermissions" permissions for "RTC Local Read-only Administrators" on "Software\microsoft\ole\MachineLaunchRestriction".</Info>
      <Info Time="2018-11-01 17:37:04Z">Found "RTC Local Administrators": True</Info>
      <Info Time="2018-11-01 17:37:04Z">Access control list (ACL) already exists.</Info>
      <Info Time="2018-11-01 17:37:04Z">"fullPermissions" permissions for "RTC Local Administrators" on "Software\microsoft\ole\MachineLaunchRestriction".</Info>
      <Info Time="2018-11-01 17:37:04Z">Writing activation key for WebServices to registry</Info>
      <Info Time="2018-11-01 17:37:04Z">"CS TCP135" is already in the firewall exception list.</Info>
      <Info Time="2018-11-01 17:37:04Z">"CS TCP13457" is already in the firewall exception list.</Info>
      <Info Time="2018-11-01 17:37:04Z">"CS TCP80" is already in the firewall exception list.</Info>
      <Info Time="2018-11-01 17:37:04Z">"CS TCP443" is already in the firewall exception list.</Info>
      <Info Time="2018-11-01 17:37:04Z">"CS TCP8080" is already in the firewall exception list.</Info>
      <Info Time="2018-11-01 17:37:04Z">"CS TCP4443" is already in the firewall exception list.</Info>
      <Info Time="2018-11-01 17:37:04Z">"CS TCP8061" is already in the firewall exception list.</Info>
      <Info Time="2018-11-01 17:37:04Z">"CS TCP8060" is already in the firewall exception list.</Info>
      <Info Time="2018-11-01 17:37:04Z">"CS TCP5087" is already in the firewall exception list.</Info>
      <Info Time="2018-11-01 17:37:04Z">"CS TCP5086" is already in the firewall exception list.</Info>
      <Info Time="2018-11-01 17:37:04Z">"CS TCP5096" is already in the firewall exception list.</Info>
      <Info Time="2018-11-01 17:37:04Z">"CS TCP5095" is already in the firewall exception list.</Info>
      <Info Time="2018-11-01 17:37:04Z">"CS TCP5089" is already in the firewall exception list.</Info>
      <Info Time="2018-11-01 17:37:04Z">"CS TCP5088" is already in the firewall exception list.</Info>
      <Info Time="2018-11-01 17:37:04Z">Disabling website "Default Web Site".</Info>
      <Info Time="2018-11-01 17:37:04Z">Enabling website "Skype for Business Server Internal Web Site".</Info>
      <Info Time="2018-11-01 17:37:04Z">Enabling website "Skype for Business Server External Web Site".</Info>
      <Action Name="SimpleURLsConfiguration.Activate" Time="2018-11-01 17:37:05Z">
        <Info Time="2018-11-01 17:37:05Z">Begin simple URL activation for website Internal.</Info>
        <Info Time="2018-11-01 17:37:05Z">Create HTTPS redirect rules for Meet</Info>
        <Info Time="2018-11-01 17:37:05Z">Creating HTTPS redirect rule for meet.skypefb.com/(.*).</Info>
        <Info Time="2018-11-01 17:37:05Z">Create rewrite rules for Meet</Info>
        <Info Time="2018-11-01 17:37:05Z">Creating Meet Rule for meet.skypefb.com/ #1.</Info>
        <Info Time="2018-11-01 17:37:05Z">Creating Meet Rule for vm-sfb-fe01.skypefb.com/Meet/ #2.</Info>
        <Info Time="2018-11-01 17:37:05Z">Create HTTPS redirect rules for Dial-in conferencing</Info>
        <Info Time="2018-11-01 17:37:05Z">Creating HTTPS redirect rule for ^dialin.skypefb.com/$.</Info>
        <Info Time="2018-11-01 17:37:05Z">Create rewrite rules for Dial-in conferencing</Info>
        <Info Time="2018-11-01 17:37:05Z">Creating rule for Skype for Business Server Control Panel.</Info>
        <Info Time="2018-11-01 17:37:05Z">Create HTTPS redirect rules for Web Scheduler</Info>
        <Info Time="2018-11-01 17:37:05Z">No patterns found, skipping HTTPS redirect rules creation for Web Scheduler.</Info>
        <Info Time="2018-11-01 17:37:05Z">Create rewrite rules for Web Scheduler</Info>
        <Warning Time="2018-11-01 17:37:05Z">No patterns found. Skipping rewrite rules creation for Web Scheduler</Warning>
        <Info Time="2018-11-01 17:37:05Z">End simple URL activation for website Internal.</Info>
        <Info Time="2018-11-01 17:37:05Z">Begin simple URL activation for website External.</Info>
        <Info Time="2018-11-01 17:37:05Z">Create HTTPS redirect rules for Meet</Info>
        <Info Time="2018-11-01 17:37:05Z">Creating HTTPS redirect rule for meet.skypefb.com/(.*).</Info>
        <Info Time="2018-11-01 17:37:05Z">Create rewrite rules for Meet</Info>
        <Info Time="2018-11-01 17:37:05Z">Creating Meet Rule for meet.skypefb.com/ #1.</Info>
        <Info Time="2018-11-01 17:37:05Z">Creating Meet Rule for meet.skypefb.com:4443/ #2.</Info>
        <Info Time="2018-11-01 17:37:05Z">Creating Meet Rule for webext.skypefb.com/Meet/ #3.</Info>
        <Info Time="2018-11-01 17:37:05Z">Creating Meet Rule for webext.skypefb.com:4443/Meet/ #4.</Info>
        <Info Time="2018-11-01 17:37:05Z">Create HTTPS redirect rules for Dial-in conferencing</Info>
        <Info Time="2018-11-01 17:37:05Z">Creating HTTPS redirect rule for ^dialin.skypefb.com/$.</Info>
        <Info Time="2018-11-01 17:37:05Z">Create rewrite rules for Dial-in conferencing</Info>
        <Info Time="2018-11-01 17:37:05Z">Create HTTPS redirect rules for Web Scheduler</Info>
        <Info Time="2018-11-01 17:37:05Z">No patterns found, skipping HTTPS redirect rules creation for Web Scheduler.</Info>
        <Info Time="2018-11-01 17:37:05Z">Create rewrite rules for Web Scheduler</Info>
        <Warning Time="2018-11-01 17:37:05Z">No patterns found. Skipping rewrite rules creation for Web Scheduler</Warning>
        <Info Time="2018-11-01 17:37:05Z">End simple URL activation for website External.</Info>
        <Complete Time="2018-11-01 17:37:05Z" />
      </Action>
      <Info Time="2018-11-01 17:37:05Z">Setting physical path of "Skype for Business Server Internal Web Site/Abs/files" to "\\VM-SFB-FE01.skypefb.com\LyncShare\1-WebServices-1\ABFiles".</Info>
      <Info Time="2018-11-01 17:37:05Z">Setting authentication of "Skype for Business Server Internal Web Site/Abs/files" to "NTLM Authentication".</Info>
      <Info Time="2018-11-01 17:37:05Z">Setting physical path of "Skype for Business Server External Web Site/Abs/files" to "\\VM-SFB-FE01.skypefb.com\LyncShare\1-WebServices-1\ABFiles".</Info>
      <Info Time="2018-11-01 17:37:05Z">Setting authentication of "Skype for Business Server External Web Site/Abs/files" to "NTLM Authentication".</Info>
      <Info Time="2018-11-01 17:37:06Z">Setting physical path of "Skype for Business Server Internal Web Site/CollabContent" to "\\VM-SFB-FE01.skypefb.com\LyncShare\1-WebServices-1\CollabContent".</Info>
      <Info Time="2018-11-01 17:37:06Z">Setting authentication of "Skype for Business Server Internal Web Site/CollabContent" to "Anonymous Authentication".</Info>
      <Info Time="2018-11-01 17:37:06Z">Setting physical path of "Skype for Business Server External Web Site/CollabContent" to "\\VM-SFB-FE01.skypefb.com\LyncShare\1-WebServices-1\CollabContent".</Info>
      <Info Time="2018-11-01 17:37:06Z">Setting authentication of "Skype for Business Server External Web Site/CollabContent" to "Anonymous Authentication".</Info>
      <Info Time="2018-11-01 17:37:06Z">Setting physical path of "Skype for Business Server Internal Web Site/RequestHandler/Files" to "\\VM-SFB-FE01.skypefb.com\LyncShare\1-WebServices-1\DeviceUpdateStore".</Info>
      <Info Time="2018-11-01 17:37:06Z">Setting authentication of "Skype for Business Server Internal Web Site/RequestHandler/Files" to "Anonymous Authentication".</Info>
      <Info Time="2018-11-01 17:37:06Z">Setting physical path of "Skype for Business Server External Web Site/RequestHandlerExt/Files" to "\\VM-SFB-FE01.skypefb.com\LyncShare\1-WebServices-1\DeviceUpdateStore".</Info>
      <Info Time="2018-11-01 17:37:06Z">Setting authentication of "Skype for Business Server External Web Site/RequestHandlerExt/Files" to "NTLM Authentication".</Info>
      <Action Name="Local Host Kerberos Activation" Time="2018-11-01 17:37:06Z">
        <Action Name="IIS DCOM interface" Time="2018-11-01 17:37:06Z" Description="Configure ports for the DCOM interface of Internet Information Services (IIS) and the associated firewall rules.">
          <Info Title="ExistingObject" Time="2018-11-01 17:37:06Z">Successfully opened Internet Information Services (IIS) DCOM registry key "HKEY_CLASSES_ROOT\AppID\{9fa5c497-f46d-447f-8011-05d03d7d7ddc}".</Info>
          <Info Title="UpdateObject" Time="2018-11-01 17:37:06Z">Configured Internet Information Services (IIS) to use fixed DCOM port "13457".</Info>
          <Complete Time="2018-11-01 17:37:06Z" />
        </Action>
        <Info Time="2018-11-01 17:37:06Z">Found "RTC Local Administrators": True</Info>
        <Action Name="Internet Information Services (IIS) Configuration System" Time="2018-11-01 17:37:06Z" Description="Configure permissions for the Internet Information Services (IIS) configuration system.">
          <Info Title="ExistingObject" Time="2018-11-01 17:37:06Z">Obtained permissions for the folder C:\Windows\system32\inetsrv\config</Info>
          <Complete Time="2018-11-01 17:37:06Z" />
        </Action>
        <Info Time="2018-11-01 17:37:06Z">Found "RTC Local Administrators": True</Info>
        <Action Name="IIS Encryption" Time="2018-11-01 17:37:06Z" Description="Configure permissions for the RSA keys used by Internet Information Services (IIS)">
          <Info Title="Name" Time="2018-11-01 17:37:06Z">Obtained website name Skype for Business Server Internal Web Site corresponding to website ID 34577</Info>
          <Info Title="Name" Time="2018-11-01 17:37:06Z">Obtained RSA key container name iisConfigurationKey for the key provider AesProvider</Info>
          <Info Title="Operation" Time="2018-11-01 17:37:06Z">Granting GenericRead permissions to the identity VM-SFB-FE01\RTC Local Administrators for the key container iisConfigurationKey</Info>
          <Info Title="ExistingObject" Time="2018-11-01 17:37:06Z">Obtained the RSA key with a container name of iisConfigurationKey</Info>
          <Info Title="UpdateObject" Time="2018-11-01 17:37:06Z">Committing new permissions for the RSA key with container name iisConfigurationKey</Info>
          <Info Title="Name" Time="2018-11-01 17:37:06Z">Obtained website name Skype for Business Server External Web Site corresponding to website ID 34578</Info>
          <Info Title="Name" Time="2018-11-01 17:37:06Z">Obtained RSA key container name iisConfigurationKey for the key provider AesProvider</Info>
          <Complete Time="2018-11-01 17:37:06Z" />
        </Action>
        <Complete Time="2018-11-01 17:37:06Z" />
      </Action>
      <Info Time="2018-11-01 17:37:06Z">"VM-SFB-FE01.skypefb.com" enabled for NTLM loopback authentication.</Info>
      <Info Time="2018-11-01 17:37:06Z">"VM-SFB-FE01.skypefb.com" enabled for NTLM loopback authentication.</Info>
      <Info Time="2018-11-01 17:37:06Z">Creating new RSA Key Container for use by web authentication module.</Info>
      <Complete Time="2018-11-01 17:37:06Z" />
    </Action>
    <Info Time="2018-11-01 17:37:06Z">Found "RTC Component Local Group": True</Info>
    <Info Time="2018-11-01 17:37:06Z">Access control list (ACL) was added.</Info>
    <Info Title="Acl" Time="2018-11-01 17:37:06Z">"Access" permissions for "RTC Component Local Group" on "W3SVC".</Info>
    <Info Time="2018-11-01 17:37:06Z">Found "RTC Component Local Group": True</Info>
    <Info Time="2018-11-01 17:37:06Z">Access control list (ACL) was added.</Info>
    <Info Title="Acl" Time="2018-11-01 17:37:06Z">"Access" permissions for "RTC Component Local Group" on "MASTER".</Info>
    <Info Time="2018-11-01 17:37:06Z">Found "RTC Component Local Group": True</Info>
    <Info Time="2018-11-01 17:37:06Z">Access control list (ACL) was added.</Info>
    <Info Title="Acl" Time="2018-11-01 17:37:06Z">"Access" permissions for "RTC Component Local Group" on "REPLICA".</Info>
    <Info Time="2018-11-01 17:37:06Z">Found "RTC Component Local Group": True</Info>
    <Info Time="2018-11-01 17:37:06Z">Access control list (ACL) was added.</Info>
    <Info Title="Acl" Time="2018-11-01 17:37:06Z">"Access" permissions for "RTC Component Local Group" on "RTCCLSAGT".</Info>
    <Info Time="2018-11-01 17:37:06Z">Found "RTC Component Local Group": True</Info>
    <Info Time="2018-11-01 17:37:06Z">Access control list (ACL) was added.</Info>
    <Info Title="Acl" Time="2018-11-01 17:37:06Z">"Access" permissions for "RTC Component Local Group" on "FabricHostSvc".</Info>
    <Info Time="2018-11-01 17:37:06Z">Found "RTC Component Local Group": True</Info>
    <Info Time="2018-11-01 17:37:06Z">Access control list (ACL) was added.</Info>
    <Info Title="Acl" Time="2018-11-01 17:37:06Z">"Access" permissions for "RTC Component Local Group" on "RTCSRV".</Info>
    <Info Time="2018-11-01 17:37:06Z">Found "RTC Component Local Group": True</Info>
    <Info Time="2018-11-01 17:37:06Z">Access control list (ACL) was added.</Info>
    <Info Title="Acl" Time="2018-11-01 17:37:06Z">"Access" permissions for "RTC Component Local Group" on "RTCCAA".</Info>
    <Info Time="2018-11-01 17:37:06Z">Found "RTC Component Local Group": True</Info>
    <Info Time="2018-11-01 17:37:06Z">Access control list (ACL) was added.</Info>
    <Info Title="Acl" Time="2018-11-01 17:37:06Z">"Access" permissions for "RTC Component Local Group" on "RTCCAS".</Info>
    <Info Time="2018-11-01 17:37:06Z">Found "RTC Component Local Group": True</Info>
    <Info Time="2018-11-01 17:37:06Z">Access control list (ACL) was added.</Info>
    <Info Title="Acl" Time="2018-11-01 17:37:06Z">"Access" permissions for "RTC Component Local Group" on "RTCRGS".</Info>
    <Info Time="2018-11-01 17:37:06Z">Found "RTC Component Local Group": True</Info>
    <Info Time="2018-11-01 17:37:06Z">Access control list (ACL) was added.</Info>
    <Info Title="Acl" Time="2018-11-01 17:37:06Z">"Access" permissions for "RTC Component Local Group" on "RTCCPS".</Info>
    <Info Time="2018-11-01 17:37:06Z">Found "RTC Component Local Group": True</Info>
    <Info Time="2018-11-01 17:37:06Z">Access control list (ACL) was added.</Info>
    <Info Title="Acl" Time="2018-11-01 17:37:06Z">"Access" permissions for "RTC Component Local Group" on "RTCATS".</Info>
    <Info Time="2018-11-01 17:37:06Z">Found "RTC Component Local Group": True</Info>
    <Info Time="2018-11-01 17:37:06Z">Access control list (ACL) was added.</Info>
    <Info Title="Acl" Time="2018-11-01 17:37:06Z">"Access" permissions for "RTC Component Local Group" on "RTCIMMCU".</Info>
    <Info Time="2018-11-01 17:37:06Z">Found "RTC Component Local Group": True</Info>
    <Info Time="2018-11-01 17:37:06Z">Access control list (ACL) was added.</Info>
    <Info Title="Acl" Time="2018-11-01 17:37:06Z">"Access" permissions for "RTC Component Local Group" on "RTCDATAMCU".</Info>
    <Info Time="2018-11-01 17:37:06Z">Found "RTC Component Local Group": True</Info>
    <Info Time="2018-11-01 17:37:06Z">Access control list (ACL) was added.</Info>
    <Info Title="Acl" Time="2018-11-01 17:37:06Z">"Access" permissions for "RTC Component Local Group" on "RTCAVMCU".</Info>
    <Info Time="2018-11-01 17:37:06Z">Found "RTC Component Local Group": True</Info>
    <Info Time="2018-11-01 17:37:06Z">Access control list (ACL) was added.</Info>
    <Info Title="Acl" Time="2018-11-01 17:37:06Z">"Access" permissions for "RTC Component Local Group" on "RTCASMCU".</Info>
    <Info Time="2018-11-01 17:37:06Z">Found "RTC Component Local Group": True</Info>
    <Info Time="2018-11-01 17:37:06Z">Access control list (ACL) was added.</Info>
    <Info Title="Acl" Time="2018-11-01 17:37:06Z">"Access" permissions for "RTC Component Local Group" on "RTCMEDSRV".</Info>
    <Info Time="2018-11-01 17:37:06Z">Found "RTC Component Local Group": True</Info>
    <Info Time="2018-11-01 17:37:06Z">Access control list (ACL) was added.</Info>
    <Info Title="Acl" Time="2018-11-01 17:37:06Z">"Access" permissions for "RTC Component Local Group" on "FTA".</Info>
    <Info Time="2018-11-01 17:37:06Z">Found "RTC Component Local Group": True</Info>
    <Info Time="2018-11-01 17:37:06Z">Access control list (ACL) was added.</Info>
    <Info Title="Acl" Time="2018-11-01 17:37:06Z">"Access" permissions for "RTC Component Local Group" on "RTCXMPPTGW".</Info>
    <Info Time="2018-11-01 17:37:06Z">Found "RTC Component Local Group": True</Info>
    <Info Time="2018-11-01 17:37:06Z">Access control list (ACL) was added.</Info>
    <Info Title="Acl" Time="2018-11-01 17:37:06Z">"Access" permissions for "RTC Component Local Group" on "RTCHA".</Info>
    <Info Time="2018-11-01 17:37:06Z">Found "RTC Component Local Group": True</Info>
    <Info Time="2018-11-01 17:37:06Z">Access control list (ACL) was added.</Info>
    <Info Title="Acl" Time="2018-11-01 17:37:06Z">"Access" permissions for "RTC Component Local Group" on "scmanager".</Info>
    <Complete Time="2018-11-01 17:37:07Z" />
  </Action>
  <Info Title="Command Status" Time="2018-11-01 17:37:07Z">Command processing is complete.</Info>
  <Action Name="DeploymentXdsCmdlet.SaveCachedItems" Time="2018-11-01 17:37:07Z">
    <Info Time="2018-11-01 17:37:07Z">"0" updates</Info>
    <Complete Time="2018-11-01 17:37:07Z" />
  </Action>
  <Info Title="Command Status" Time="2018-11-01 17:37:07Z">Command run is complete.</Info>
</CsMgmtLog>