﻿<?xml version="1.0" encoding="utf-8"?>
<CsMgmtLog Name="Request-CsCertificate">
  <Info Title="Connection" Time="2018-11-01 17:37:08Z">Data Source=VM-SFB-FE01.skypefb.com\rtc;Initial Catalog=xds;Integrated Security=True;Application Name=Microsoft.Rtc.Management</Info>
  <Action Time="2018-11-01 17:37:08Z">
    <Info Time="2018-11-01 17:37:08Z">Certificate use: Default,WebServicesInternal,WebServicesExternal</Info>
    <Info Time="2018-11-01 17:37:08Z">Subject distinguished name (DN): CN="VM-SFB-FE01.skypefb.com"</Info>
    <Info Time="2018-11-01 17:37:08Z">Subject alternative name: sip.skypefb.com,VM-SFB-FE01.skypefb.com,dialin.skypefb.com,meet.skypefb.com,admin.skypefb.com,LyncdiscoverInternal.skypefb.com,webext.skypefb.com,Lyncdiscover.skypefb.com</Info>
    <Info Time="2018-11-01 17:37:09Z">Certificate request submitted to certification authority (CA) "VM-SFB-AD01.skypefb.com\skypefb.com-CA".</Info>
    <Info Time="2018-11-01 17:37:09Z">Certificate issued successfully.</Info>
    <Info Time="2018-11-01 17:37:09Z">Certificate was imported with the thumbprint "AD1C8766FD0ED1A0FC10417089A565D48FF52CC0".</Info>
    <Info Time="2018-11-01 17:37:09Z">Issued thumbprint "AD1C8766FD0ED1A0FC10417089A565D48FF52CC0" for use "Default,WebServicesInternal,WebServicesExternal" by "VM-SFB-AD01.skypefb.com\skypefb.com-CA".</Info>
    <Complete Time="2018-11-01 17:37:09Z" />
  </Action>
  <Info Title="Output" Time="2018-11-01 17:37:09Z">
Issuer		: CN=skypefb.com-CA, DC=skypefb, DC=com
NotAfter 	: 10/31/2020 5:27:09 PM
NotBefore 	: 11/1/2018 5:27:09 PM
SerialNumber 	: 1C000000036D7D9EB030FB6CB4000000000003
Subject 	: CN=VM-SFB-FE01.skypefb.com
AlternativeNames: sip.skypefb.com,VM-SFB-FE01.skypefb.com,dialin.skypefb.com,meet.skypefb.com,admin.skypefb.com,LyncdiscoverInternal.skypefb.com,webext.skypefb.com,Lyncdiscover.skypefb.com
Thumbprint 	: AD1C8766FD0ED1A0FC10417089A565D48FF52CC0
EffectiveDate 	: 
PreviousThumbprint: 
UpdateTime 	: 
Use 		: Default,WebServicesInternal,WebServicesExternal
SourceScope 	: 
</Info>
  <Info Title="Command Status" Time="2018-11-01 17:37:09Z">Command processing is complete.</Info>
  <Action Name="DeploymentXdsCmdlet.SaveCachedItems" Time="2018-11-01 17:37:09Z">
    <Info Time="2018-11-01 17:37:09Z">"0" updates</Info>
    <Complete Time="2018-11-01 17:37:09Z" />
  </Action>
  <Info Title="Command Status" Time="2018-11-01 17:37:09Z">Command run is complete.</Info>
</CsMgmtLog>