﻿<?xml version="1.0" encoding="utf-8"?>
<CsMgmtLog Name="Request-CsCertificate">
  <Info Title="Connection" Time="2018-11-01 17:37:09Z">Data Source=VM-SFB-FE01.skypefb.com\rtc;Initial Catalog=xds;Integrated Security=True;Application Name=Microsoft.Rtc.Management</Info>
  <Action Time="2018-11-01 17:37:09Z">
    <Info Time="2018-11-01 17:37:09Z">Certificate use: OAuthTokenIssuer</Info>
    <Info Time="2018-11-01 17:37:09Z">Subject distinguished name (DN): CN="skypefb.com"</Info>
    <Info Time="2018-11-01 17:37:09Z">Subject alternative name: VM-SFB-FE01.skypefb.com,skypefb.com</Info>
    <Info Time="2018-11-01 17:37:09Z">Certificate request submitted to certification authority (CA) "VM-SFB-AD01.skypefb.com\skypefb.com-CA".</Info>
    <Info Time="2018-11-01 17:37:09Z">Certificate issued successfully.</Info>
    <Info Time="2018-11-01 17:37:09Z">Certificate was imported with the thumbprint "9D1C9CE583F1D3716648893E4A7B91B58EDFB02B".</Info>
    <Info Time="2018-11-01 17:37:09Z">Issued thumbprint "9D1C9CE583F1D3716648893E4A7B91B58EDFB02B" for use "OAuthTokenIssuer" by "VM-SFB-AD01.skypefb.com\skypefb.com-CA".</Info>
    <Complete Time="2018-11-01 17:37:09Z" />
  </Action>
  <Info Title="Output" Time="2018-11-01 17:37:09Z">
Issuer		: CN=skypefb.com-CA, DC=skypefb, DC=com
NotAfter 	: 10/31/2020 5:27:09 PM
NotBefore 	: 11/1/2018 5:27:09 PM
SerialNumber 	: 1C00000004E34135B0C85FA3D0000000000004
Subject 	: CN=skypefb.com
AlternativeNames: VM-SFB-FE01.skypefb.com,skypefb.com
Thumbprint 	: 9D1C9CE583F1D3716648893E4A7B91B58EDFB02B
EffectiveDate 	: 
PreviousThumbprint: 
UpdateTime 	: 
Use 		: OAuthTokenIssuer
SourceScope 	: 
</Info>
  <Info Title="Command Status" Time="2018-11-01 17:37:09Z">Command processing is complete.</Info>
  <Action Name="DeploymentXdsCmdlet.SaveCachedItems" Time="2018-11-01 17:37:09Z">
    <Info Time="2018-11-01 17:37:09Z">"0" updates</Info>
    <Complete Time="2018-11-01 17:37:09Z" />
  </Action>
  <Info Title="Command Status" Time="2018-11-01 17:37:09Z">Command run is complete.</Info>
</CsMgmtLog>