﻿<?xml version="1.0" encoding="utf-8"?>
<CsMgmtLog Name="Set-CsCertificate">
  <Info Title="Connection" Time="2018-11-01 17:37:09Z">Data Source=(local)\rtclocal;Initial Catalog=xds;Integrated Security=True;Application Name=Microsoft.Rtc.Management</Info>
  <Action Name="Set Certificate" Time="2018-11-01 17:37:09Z">
    <Info Time="2018-11-01 17:37:09Z">The subject name of certificate "AD1C8766FD0ED1A0FC10417089A565D48FF52CC0" is "VM-SFB-FE01.skypefb.com" and the computed subject name is "VM-SFB-FE01.skypefb.com".</Info>
    <Info Time="2018-11-01 17:37:09Z">The subject alternative names of certificate "AD1C8766FD0ED1A0FC10417089A565D48FF52CC0" are "sip.skypefb.com,VM-SFB-FE01.skypefb.com,dialin.skypefb.com,meet.skypefb.com,admin.skypefb.com,LyncdiscoverInternal.skypefb.com,webext.skypefb.com,Lyncdiscover.skypefb.com" and the computed subject alternative names are "VM-SFB-FE01.skypefb.com,dialin.skypefb.com,meet.skypefb.com,admin.skypefb.com,LyncdiscoverInternal.skypefb.com,webext.skypefb.com,Lyncdiscover.skypefb.com".</Info>
    <Info Time="2018-11-01 17:37:09Z">Certificate not found for the usage type "Default".</Info>
    <Info Time="2018-11-01 17:37:09Z">Private key file path: C:\ProgramData\Microsoft\Crypto\RSA\MachineKeys\686b30c46cfcade90583cb494ffd7933_4f133109-57a6-4f00-b836-09f70e15f7e1</Info>
    <Info Time="2018-11-01 17:37:10Z">Found "RTC Server Local Group": True</Info>
    <Info Time="2018-11-01 17:37:10Z">Access control list (ACL) was added.</Info>
    <Info Time="2018-11-01 17:37:10Z">"Read" permissions for "RTC Server Local Group" on "Certificate store".</Info>
    <Info Time="2018-11-01 17:37:10Z">Found "RTC Local User Administrators": True</Info>
    <Info Time="2018-11-01 17:37:10Z">Access control list (ACL) was added.</Info>
    <Info Time="2018-11-01 17:37:10Z">"Read" permissions for "RTC Local User Administrators" on "Certificate store".</Info>
    <Info Time="2018-11-01 17:37:10Z">Found "RTC Local Read-only Administrators": True</Info>
    <Info Time="2018-11-01 17:37:10Z">Access control list (ACL) was added.</Info>
    <Info Time="2018-11-01 17:37:10Z">"Read" permissions for "RTC Local Read-only Administrators" on "Certificate store".</Info>
    <Info Time="2018-11-01 17:37:10Z">Found "NETWORK SERVICE": True</Info>
    <Info Time="2018-11-01 17:37:10Z">Access control list (ACL) was added.</Info>
    <Info Time="2018-11-01 17:37:10Z">"Read" permissions for "NetworkService" on "Certificate store".</Info>
    <Info Time="2018-11-01 17:37:10Z">Certificate "AD1C8766FD0ED1A0FC10417089A565D48FF52CC0" has been added to the local data store with the usage type "Default".</Info>
    <Info Time="2018-11-01 17:37:10Z">Command "netsh http add sslcert ipport=[::]:444 certhash=AD1C8766FD0ED1A0FC10417089A565D48FF52CC0 appid={00000000-0000-0000-0000-000000000000} usagecheck=disable clientcertnegotiation=enable verifyrevocationwithcachedclientcertonly=enable" returned "0".</Info>
    <Info Time="2018-11-01 17:37:10Z">The following certificate was assigned for the type "Default":</Info>
    <Info Time="2018-11-01 17:37:10Z">Default: AD1C8766FD0ED1A0FC10417089A565D48FF52CC0 VM-SFB-FE01.skypefb.com 10/31/2020 CN=skypefb.com-CA, DC=skypefb, DC=com 1C000000036D7D9EB030FB6CB4000000000003</Info>
    <Info Time="2018-11-01 17:37:10Z">Certificate not found for the usage type "WebServicesInternal".</Info>
    <Info Time="2018-11-01 17:37:10Z">Private key file path: C:\ProgramData\Microsoft\Crypto\RSA\MachineKeys\686b30c46cfcade90583cb494ffd7933_4f133109-57a6-4f00-b836-09f70e15f7e1</Info>
    <Info Time="2018-11-01 17:37:10Z">Found "RTC Server Local Group": True</Info>
    <Info Time="2018-11-01 17:37:10Z">Access control list (ACL) was added.</Info>
    <Info Time="2018-11-01 17:37:10Z">"Read" permissions for "RTC Server Local Group" on "Certificate store".</Info>
    <Info Time="2018-11-01 17:37:10Z">Found "RTC Local User Administrators": True</Info>
    <Info Time="2018-11-01 17:37:10Z">Access control list (ACL) was added.</Info>
    <Info Time="2018-11-01 17:37:10Z">"Read" permissions for "RTC Local User Administrators" on "Certificate store".</Info>
    <Info Time="2018-11-01 17:37:10Z">Found "RTC Local Read-only Administrators": True</Info>
    <Info Time="2018-11-01 17:37:10Z">Access control list (ACL) was added.</Info>
    <Info Time="2018-11-01 17:37:10Z">"Read" permissions for "RTC Local Read-only Administrators" on "Certificate store".</Info>
    <Info Time="2018-11-01 17:37:10Z">Found "NETWORK SERVICE": True</Info>
    <Info Time="2018-11-01 17:37:10Z">Access control list (ACL) was added.</Info>
    <Info Time="2018-11-01 17:37:10Z">"Read" permissions for "NetworkService" on "Certificate store".</Info>
    <Info Time="2018-11-01 17:37:10Z">Certificate "AD1C8766FD0ED1A0FC10417089A565D48FF52CC0" has been added to the local data store with the usage type "WebServicesInternal".</Info>
    <Info Time="2018-11-01 17:37:10Z">Add or remove binding in the website "Skype for Business Server Internal Web Site" with certificate "1C000000036D7D9EB030FB6CB4000000000003".</Info>
    <Info Time="2018-11-01 17:37:10Z">The following certificate was assigned for the type "WebServicesInternal":</Info>
    <Info Time="2018-11-01 17:37:10Z">WebServicesInternal: AD1C8766FD0ED1A0FC10417089A565D48FF52CC0 VM-SFB-FE01.skypefb.com 10/31/2020 CN=skypefb.com-CA, DC=skypefb, DC=com 1C000000036D7D9EB030FB6CB4000000000003</Info>
    <Info Time="2018-11-01 17:37:10Z">Certificate not found for the usage type "WebServicesExternal".</Info>
    <Info Time="2018-11-01 17:37:10Z">Private key file path: C:\ProgramData\Microsoft\Crypto\RSA\MachineKeys\686b30c46cfcade90583cb494ffd7933_4f133109-57a6-4f00-b836-09f70e15f7e1</Info>
    <Info Time="2018-11-01 17:37:10Z">Found "RTC Server Local Group": True</Info>
    <Info Time="2018-11-01 17:37:10Z">Access control list (ACL) was added.</Info>
    <Info Time="2018-11-01 17:37:10Z">"Read" permissions for "RTC Server Local Group" on "Certificate store".</Info>
    <Info Time="2018-11-01 17:37:10Z">Found "RTC Local User Administrators": True</Info>
    <Info Time="2018-11-01 17:37:10Z">Access control list (ACL) was added.</Info>
    <Info Time="2018-11-01 17:37:10Z">"Read" permissions for "RTC Local User Administrators" on "Certificate store".</Info>
    <Info Time="2018-11-01 17:37:10Z">Found "RTC Local Read-only Administrators": True</Info>
    <Info Time="2018-11-01 17:37:10Z">Access control list (ACL) was added.</Info>
    <Info Time="2018-11-01 17:37:10Z">"Read" permissions for "RTC Local Read-only Administrators" on "Certificate store".</Info>
    <Info Time="2018-11-01 17:37:10Z">Found "NETWORK SERVICE": True</Info>
    <Info Time="2018-11-01 17:37:10Z">Access control list (ACL) was added.</Info>
    <Info Time="2018-11-01 17:37:10Z">"Read" permissions for "NetworkService" on "Certificate store".</Info>
    <Info Time="2018-11-01 17:37:10Z">Certificate "AD1C8766FD0ED1A0FC10417089A565D48FF52CC0" has been added to the local data store with the usage type "WebServicesExternal".</Info>
    <Info Time="2018-11-01 17:37:10Z">Add or remove binding in the website "Skype for Business Server External Web Site" with certificate "1C000000036D7D9EB030FB6CB4000000000003".</Info>
    <Info Time="2018-11-01 17:37:10Z">The following certificate was assigned for the type "WebServicesExternal":</Info>
    <Info Time="2018-11-01 17:37:10Z">WebServicesExternal: AD1C8766FD0ED1A0FC10417089A565D48FF52CC0 VM-SFB-FE01.skypefb.com 10/31/2020 CN=skypefb.com-CA, DC=skypefb, DC=com 1C000000036D7D9EB030FB6CB4000000000003</Info>
    <Complete Time="2018-11-01 17:37:10Z" />
  </Action>
  <Info Title="Command Status" Time="2018-11-01 17:37:10Z">Command processing is complete.</Info>
  <Action Name="DeploymentXdsCmdlet.SaveCachedItems" Time="2018-11-01 17:37:10Z">
    <Info Time="2018-11-01 17:37:10Z">"1" updates</Info>
    <Info Title="write status" Time="2018-11-01 17:37:10Z">"[{urn:schema:Microsoft.Rtc.Management.Settings.Certificates.2008}Certificates,Host{00000000-0000-0000-0000-000000000000},Global]" status "Okay"</Info>
    <Complete Time="2018-11-01 17:37:10Z" />
  </Action>
  <Info Title="Command Status" Time="2018-11-01 17:37:10Z">Command run is complete.</Info>
</CsMgmtLog>