﻿<?xml version="1.0" encoding="utf-8"?>
<CsMgmtLog Name="Set-CsCertificate">
  <Info Title="Connection" Time="2018-11-01 17:37:10Z">Data Source=(local)\rtclocal;Initial Catalog=xds;Integrated Security=True;Application Name=Microsoft.Rtc.Management</Info>
  <Action Name="Set Certificate" Time="2018-11-01 17:37:10Z">
    <Info Time="2018-11-01 17:37:10Z">Skip certificate subject and alternative name validation for the type OAuthTokenIssuer.</Info>
    <Info Time="2018-11-01 17:37:10Z">Certificate not found for the usage type "OAuthTokenIssuer".</Info>
    <Info Time="2018-11-01 17:37:10Z">Private key file path: C:\ProgramData\Microsoft\Crypto\RSA\MachineKeys\8438b02a2f239d683830d84dbed2a9ab_4f133109-57a6-4f00-b836-09f70e15f7e1</Info>
    <Info Time="2018-11-01 17:37:10Z">Found "RTC Server Local Group": True</Info>
    <Info Time="2018-11-01 17:37:10Z">Access control list (ACL) was added.</Info>
    <Info Time="2018-11-01 17:37:10Z">"Read" permissions for "RTC Server Local Group" on "Certificate store".</Info>
    <Info Time="2018-11-01 17:37:10Z">Found "RTC Local User Administrators": True</Info>
    <Info Time="2018-11-01 17:37:10Z">Access control list (ACL) was added.</Info>
    <Info Time="2018-11-01 17:37:10Z">"Read" permissions for "RTC Local User Administrators" on "Certificate store".</Info>
    <Info Time="2018-11-01 17:37:10Z">Found "RTC Local Read-only Administrators": True</Info>
    <Info Time="2018-11-01 17:37:10Z">Access control list (ACL) was added.</Info>
    <Info Time="2018-11-01 17:37:10Z">"Read" permissions for "RTC Local Read-only Administrators" on "Certificate store".</Info>
    <Info Time="2018-11-01 17:37:10Z">Found "NETWORK SERVICE": True</Info>
    <Info Time="2018-11-01 17:37:10Z">Access control list (ACL) was added.</Info>
    <Info Time="2018-11-01 17:37:10Z">"Read" permissions for "NetworkService" on "Certificate store".</Info>
    <Info Time="2018-11-01 17:37:10Z">Certificate "9D1C9CE583F1D3716648893E4A7B91B58EDFB02B" has been added to the local data store with the usage type "OAuthTokenIssuer".</Info>
    <Info Time="2018-11-01 17:37:10Z">The following certificate was assigned for the type "OAuthTokenIssuer":</Info>
    <Info Time="2018-11-01 17:37:10Z">OAuthTokenIssuer: 9D1C9CE583F1D3716648893E4A7B91B58EDFB02B skypefb.com 10/31/2020 CN=skypefb.com-CA, DC=skypefb, DC=com 1C00000004E34135B0C85FA3D0000000000004</Info>
    <Complete Time="2018-11-01 17:37:10Z" />
  </Action>
  <Info Title="Command Status" Time="2018-11-01 17:37:10Z">Command processing is complete.</Info>
  <Action Name="DeploymentXdsCmdlet.SaveCachedItems" Time="2018-11-01 17:37:10Z">
    <Info Time="2018-11-01 17:37:10Z">"1" updates</Info>
    <Info Title="write status" Time="2018-11-01 17:37:10Z">"[{urn:schema:Microsoft.Rtc.Management.Settings.Certificates.2008}Certificates,Host{00000000-0000-0000-0000-000000000000},Global]" status "Okay"</Info>
    <Complete Time="2018-11-01 17:37:10Z" />
  </Action>
  <Info Title="Command Status" Time="2018-11-01 17:37:10Z">Command run is complete.</Info>
</CsMgmtLog>