﻿<?xml version="1.0" encoding="utf-8"?>
<CsMgmtLog Name="Start-CSWindowsService">
  <Action Name="Start Services" Time="2018-11-01 17:37:10Z">
    <Info Title="Name" Time="2018-11-01 17:37:10Z">vm-sfb-fe01.skypefb.com</Info>
    <Action Name="W3SVC" Time="2018-11-01 17:37:10Z">
      <Complete Time="2018-11-01 17:37:10Z" />
    </Action>
    <Action Name="MASTER" Time="2018-11-01 17:37:10Z">
      <Info Time="2018-11-01 17:37:10Z">Service start requested "Skype for Business Server Master Replicator Agent (MASTER)".</Info>
      <Complete Time="2018-11-01 17:37:11Z" />
    </Action>
    <Action Name="REPLICA" Time="2018-11-01 17:37:11Z">
      <Complete Time="2018-11-01 17:37:11Z" />
    </Action>
    <Action Name="RTCCLSAGT" Time="2018-11-01 17:37:11Z">
      <Info Time="2018-11-01 17:37:11Z">Service start requested "Skype for Business Server Centralized Logging Service Agent (RTCCLSAGT)".</Info>
      <Complete Time="2018-11-01 17:37:11Z" />
    </Action>
    <Info Time="2018-11-01 17:37:11Z">Discovered installed role ApplicationServer of version 1</Info>
    <Info Time="2018-11-01 17:37:11Z">Discovered installed role ApplicationStore of version 1</Info>
    <Info Time="2018-11-01 17:37:11Z">Discovered installed role CentralMgmt of version 1</Info>
    <Info Time="2018-11-01 17:37:11Z">Discovered installed role CentralMgmtStore of version 1</Info>
    <Info Time="2018-11-01 17:37:11Z">Discovered installed role ConfServices of version 1</Info>
    <Info Time="2018-11-01 17:37:11Z">Discovered installed role FileStore of version 1</Info>
    <Info Time="2018-11-01 17:37:11Z">Discovered installed role MediationServer of version 1</Info>
    <Info Time="2018-11-01 17:37:11Z">Discovered installed role Registrar of version 2</Info>
    <Info Time="2018-11-01 17:37:11Z">Discovered installed role UserServices of version 2</Info>
    <Info Time="2018-11-01 17:37:11Z">Discovered installed role UserStore of version 1</Info>
    <Info Time="2018-11-01 17:37:11Z">Discovered installed role WebServices of version 1</Info>
    <Action Name="FabricHostSvc" Time="2018-11-01 17:37:11Z">
      <Info Time="2018-11-01 17:37:11Z">Service start requested "Windows Fabric Host Service (FabricHostSvc)".</Info>
      <Complete Time="2018-11-01 17:37:11Z" />
    </Action>
    <Action Name="RTCSRV" Time="2018-11-01 17:37:11Z">
      <Info Time="2018-11-01 17:37:11Z">Service start requested "Skype for Business Server Front-End (RTCSRV)".</Info>
      <Complete Time="2018-11-01 17:37:11Z" />
    </Action>
    <Action Name="RTCCAA" Time="2018-11-01 17:37:11Z">
      <Info Time="2018-11-01 17:37:11Z">Service start requested "Skype for Business Server Conferencing Attendant (RTCCAA)".</Info>
      <Complete Time="2018-11-01 17:37:11Z" />
    </Action>
    <Action Name="RTCCAS" Time="2018-11-01 17:37:11Z">
      <Info Time="2018-11-01 17:37:11Z">Service start requested "Skype for Business Server Conferencing Announcement (RTCCAS)".</Info>
      <Complete Time="2018-11-01 17:37:11Z" />
    </Action>
    <Action Name="RTCRGS" Time="2018-11-01 17:37:11Z">
      <Info Time="2018-11-01 17:37:11Z">Service start requested "Skype for Business Server Response Group (RTCRGS)".</Info>
      <Complete Time="2018-11-01 17:37:11Z" />
    </Action>
    <Action Name="RTCCPS" Time="2018-11-01 17:37:11Z">
      <Info Time="2018-11-01 17:37:11Z">Service start requested "Skype for Business Server Call Park (RTCCPS)".</Info>
      <Complete Time="2018-11-01 17:37:11Z" />
    </Action>
    <Action Name="RTCATS" Time="2018-11-01 17:37:11Z">
      <Info Time="2018-11-01 17:37:11Z">Service start requested "Skype for Business Server Audio Test Service (RTCATS)".</Info>
      <Complete Time="2018-11-01 17:37:12Z" />
    </Action>
    <Action Name="RTCIMMCU" Time="2018-11-01 17:37:12Z">
      <Info Time="2018-11-01 17:37:12Z">Service start requested "Skype for Business Server IM Conferencing (RTCIMMCU)".</Info>
      <Complete Time="2018-11-01 17:37:12Z" />
    </Action>
    <Action Name="RTCDATAMCU" Time="2018-11-01 17:37:12Z">
      <Info Time="2018-11-01 17:37:12Z">Service start requested "Skype for Business Server Web Conferencing (RTCDATAMCU)".</Info>
      <Complete Time="2018-11-01 17:37:12Z" />
    </Action>
    <Action Name="RTCAVMCU" Time="2018-11-01 17:37:12Z">
      <Info Time="2018-11-01 17:37:12Z">Service start requested "Skype for Business Server Audio/Video Conferencing (RTCAVMCU)".</Info>
      <Complete Time="2018-11-01 17:37:12Z" />
    </Action>
    <Action Name="RTCASMCU" Time="2018-11-01 17:37:12Z">
      <Info Time="2018-11-01 17:37:12Z">Service start requested "Skype for Business Server Application Sharing (RTCASMCU)".</Info>
      <Complete Time="2018-11-01 17:37:13Z" />
    </Action>
    <Action Name="RTCMEDSRV" Time="2018-11-01 17:37:13Z">
      <Info Time="2018-11-01 17:37:13Z">Service start requested "Skype for Business Server Mediation (RTCMEDSRV)".</Info>
      <Complete Time="2018-11-01 17:37:14Z" />
    </Action>
    <Action Name="FTA" Time="2018-11-01 17:37:14Z">
      <Info Time="2018-11-01 17:37:14Z">Service start requested "Skype for Business Server File Transfer Agent (FTA)".</Info>
      <Complete Time="2018-11-01 17:37:14Z" />
    </Action>
    <Action Name="RTCXMPPTGW" Time="2018-11-01 17:37:14Z">
      <Info Time="2018-11-01 17:37:14Z">Service start requested "Skype for Business Server XMPP Translating Gateway (RTCXMPPTGW)".</Info>
      <Complete Time="2018-11-01 17:37:16Z" />
    </Action>
    <Action Name="RTCHA" Time="2018-11-01 17:37:16Z">
      <Info Time="2018-11-01 17:37:16Z">Service start requested "Skype for Business Server Health Agent (RTCHA)".</Info>
      <Complete Time="2018-11-01 17:37:16Z" />
    </Action>
    <Complete Time="2018-11-01 17:37:16Z" />
  </Action>
  <Info Title="Command Status" Time="2018-11-01 17:37:16Z">Command processing is complete.</Info>
  <Info Title="Command Status" Time="2018-11-01 17:37:16Z">Command run is complete.</Info>
</CsMgmtLog>